-- --------------------------------------------------------
-- Host:                         127.0.0.1
-- Versión del servidor:        11.8.6-MariaDB-0+deb13u1 from Debian - -- Please help get to 10k stars at https://github.com/MariaDB/Server
-- SO del servidor:              debian-linux-gnu
-- HeidiSQL Versión:            12.17.1.1
-- --------------------------------------------------------

/*!40101 SET @OLD_CHARACTER_SET_CLIENT=@@CHARACTER_SET_CLIENT */;
/*!40101 SET NAMES utf8 */;
/*!50503 SET NAMES utf8mb4 */;
/*!40103 SET @OLD_TIME_ZONE=@@TIME_ZONE */;
/*!40103 SET TIME_ZONE='+00:00' */;
/*!40014 SET @OLD_FOREIGN_KEY_CHECKS=@@FOREIGN_KEY_CHECKS, FOREIGN_KEY_CHECKS=0 */;
/*!40101 SET @OLD_SQL_MODE=@@SQL_MODE, SQL_MODE='NO_AUTO_VALUE_ON_ZERO' */;
/*!40111 SET @OLD_SQL_NOTES=@@SQL_NOTES, SQL_NOTES=0 */;

-- Volcando datos para la tabla cdf_crm.colaboradores: ~5 rows (aproximadamente)
REPLACE INTO `colaboradores` (`id_colaborador`, `nombre`, `rol`, `password`) VALUES
	(1, 'Mauricio', 'Referente', '1015'),
	(2, 'Juan', 'Feteador', '1016'),
	(3, 'Ulises', 'Referente', '1017'),
	(4, 'Braian', 'Envasador', '1018'),
	(5, 'Repo Externo', 'Feteador', '0000');

-- Volcando datos para la tabla cdf_crm.despachos: ~0 rows (aproximadamente)

-- Volcando datos para la tabla cdf_crm.detalles_feteado: ~0 rows (aproximadamente)

-- Volcando datos para la tabla cdf_crm.ingresos_proveedores: ~12 rows (aproximadamente)
REPLACE INTO `ingresos_proveedores` (`id_ingreso`, `fecha`, `proveedor`, `nro_factura`, `id_producto_proveedor`, `id_producto`, `kilos_totales`, `bultos`, `vencimiento`) VALUES
	(1, '2026-04-29 16:16:53', 'TREGAR', '156661357', '1098', 117, 49.64, 3, '2026-09-09'),
	(2, '2026-04-29 16:16:53', 'TREGAR', '156661357', '9', 115, 164.25, 10, '2026-06-10'),
	(3, '2026-04-29 16:16:53', 'TREGAR', '156661357', '1093', 123, 31.98, 4, '2026-06-06'),
	(4, '2026-04-29 16:16:53', 'TREGAR', '156661357', '1094', 122, 30.38, 4, '2026-06-02'),
	(5, '2026-04-29 16:16:53', 'TREGAR', '156661357', '1099', 121, 9.38, 1, '2026-07-05'),
	(6, '2026-04-29 16:16:53', 'TREGAR', '156661357', '211', 114, 20.00, 4, '2026-07-20'),
	(7, '2026-04-29 18:47:26', 'TREGAR', '156661357', '1096', 119, 8.78, 1, '2026-07-18'),
	(8, '2026-04-29 18:47:26', 'TREGAR', '156661357', '1095', 116, 16.44, 2, '2026-06-12'),
	(9, '2026-04-29 20:18:00', 'LARIO', '70188302', '41', 184, 4.78, 1, '2026-07-24'),
	(10, '2026-04-29 20:18:00', 'LARIO', '70188302', '39', 183, 4.96, 1, '2026-07-24'),
	(11, '2026-04-29 20:18:00', 'LARIO', '70188302', '547', 179, 2.85, 1, '2026-07-31'),
	(12, '2026-04-29 20:18:00', 'LARIO', '70188302', '27', 180, 7.82, 1, '2026-07-31');

-- Volcando datos para la tabla cdf_crm.items_pedidos: ~1.265 rows (aproximadamente)
REPLACE INTO `items_pedidos` (`id_item`, `id_pedido`, `id_producto`, `cantidad_piezas`, `cantidad_fraccionado`) VALUES
	(2, 'PED-1776165180417', 26, 0, 10.000),
	(3, 'PED-1776165180417', 148, 0, 35.000),
	(4, 'PED-1776165180417', 117, 0, 20.000),
	(5, 'PED-1776165180417', 115, 0, 40.000),
	(6, 'PED-1776165180417', 55, 0, 10.000),
	(7, 'PED-1776165180417', 53, 0, 50.000),
	(8, 'PED-1776165180417', 52, 0, 30.000),
	(9, 'PED-1776165180417', 130, 0, 10.000),
	(10, 'PED-1776165180417', 129, 0, 10.000),
	(11, 'PED-1776165180417', 126, 0, 50.000),
	(12, 'PED-1776165180417', 38, 0, 50.000),
	(13, 'PED-1776166239217', 117, 0, 250.000),
	(14, 'PED-1776166239217', 115, 0, 250.000),
	(15, 'PED-1776166239217', 61, 0, 25.000),
	(16, 'PED-1776166239217', 57, 0, 25.000),
	(17, 'PED-1776166239217', 56, 0, 250.000),
	(18, 'PED-1776166239217', 55, 0, 50.000),
	(19, 'PED-1776166239217', 53, 0, 250.000),
	(20, 'PED-1776166239217', 52, 0, 250.000),
	(21, 'PED-1776166239217', 50, 0, 25.000),
	(22, 'PED-1776166239217', 128, 0, 15.000),
	(23, 'PED-1776166239217', 43, 0, 25.000),
	(24, 'PED-1776166239217', 42, 0, 120.000),
	(25, 'PED-1776166239217', 38, 0, 120.000),
	(26, 'PED-1776166239217', 130, 1, 15.000),
	(27, 'PED-1776166239217', 126, 2, 150.000),
	(28, 'PED-1776166239217', 187, 10, 0.000),
	(29, 'PED-1776166239217', 186, 10, 0.000),
	(30, 'PED-1776166239217', 184, 1, 0.000),
	(31, 'PED-1776166239217', 183, 1, 0.000),
	(32, 'PED-1776166239217', 180, 2, 0.000),
	(33, 'PED-1776166239217', 178, 1, 0.000),
	(34, 'PED-1776166239217', 177, 2, 0.000),
	(35, 'PED-1776166239217', 175, 1, 0.000),
	(36, 'PED-1776171799356', 148, 0, 30.000),
	(37, 'PED-1776171799356', 120, 0, 35.000),
	(38, 'PED-1776171799356', 117, 0, 35.000),
	(39, 'PED-1776171799356', 115, 0, 30.000),
	(40, 'PED-1776171799356', 56, 0, 35.000),
	(41, 'PED-1776171799356', 55, 0, 35.000),
	(42, 'PED-1776171799356', 53, 0, 35.000),
	(43, 'PED-1776171799356', 52, 0, 30.000),
	(44, 'PED-1776171799356', 128, 0, 12.000),
	(45, 'PED-1776171799356', 126, 0, 25.000),
	(46, 'PED-1776171799356', 42, 0, 25.000),
	(47, 'PED-1776171799356', 39, 0, 12.000),
	(48, 'PED-1776171799356', 38, 0, 25.000),
	(49, 'PED-1776176072044', 130, 0, 40.000),
	(50, 'PED-1776176072044', 126, 0, 40.000),
	(51, 'PED-1776176072044', 38, 0, 40.000),
	(52, 'PED-1776176072044', 148, 0, 50.000),
	(53, 'PED-1776176072044', 43, 0, 20.000),
	(54, 'PED-1776176072044', 188, 0, 30.000),
	(55, 'PED-1776176072044', 41, 0, 20.000),
	(56, 'PED-1776176072044', 181, 0, 20.000),
	(57, 'PED-1776176072044', 177, 0, 30.000),
	(58, 'PED-1776176072044', 50, 0, 10.000),
	(59, 'PED-1776176072044', 115, 0, 50.000),
	(60, 'PED-1776176072044', 116, 0, 10.000),
	(61, 'PED-1776176072044', 117, 0, 40.000),
	(62, 'PED-1776176072044', 52, 0, 50.000),
	(63, 'PED-1776176072044', 26, 0, 15.000),
	(64, 'PED-1776176072044', 42, 0, 50.000),
	(65, 'PED-1776176072044', 128, 0, 40.000),
	(66, 'PED-1776176072044', 174, 0, 40.000),
	(67, 'PED-1776176072044', 56, 0, 45.000),
	(68, 'PED-1776178468198', 148, 0, 25.000),
	(69, 'PED-1776178468198', 62, 0, 30.000),
	(70, 'PED-1776178468198', 120, 0, 20.000),
	(71, 'PED-1776178468198', 117, 0, 40.000),
	(72, 'PED-1776178468198', 115, 0, 30.000),
	(73, 'PED-1776178468198', 114, 0, 10.000),
	(74, 'PED-1776178468198', 61, 0, 10.000),
	(75, 'PED-1776178468198', 56, 0, 50.000),
	(76, 'PED-1776178468198', 55, 0, 25.000),
	(77, 'PED-1776178468198', 33, 0, 10.000),
	(78, 'PED-1776178468198', 37, 0, 10.000),
	(79, 'PED-1776178468198', 38, 0, 50.000),
	(80, 'PED-1776178468198', 39, 0, 20.000),
	(81, 'PED-1776178468198', 41, 0, 15.000),
	(82, 'PED-1776178468198', 42, 0, 40.000),
	(83, 'PED-1776178468198', 43, 0, 15.000),
	(84, 'PED-1776178468198', 126, 0, 40.000),
	(85, 'PED-1776178468198', 128, 0, 20.000),
	(86, 'PED-1776178468198', 129, 0, 10.000),
	(87, 'PED-1776178468198', 130, 0, 15.000),
	(88, 'PED-1776178468198', 50, 0, 10.000),
	(89, 'PED-1776178468198', 51, 0, 15.000),
	(90, 'PED-1776178468198', 52, 0, 25.000),
	(91, 'PED-1776178468198', 53, 0, 40.000),
	(92, 'PED-1776425150850', 187, 12, 0.000),
	(93, 'PED-1776425150850', 186, 12, 0.000),
	(94, 'PED-1776425150850', 184, 1, 0.000),
	(95, 'PED-1776425150850', 183, 1, 0.000),
	(96, 'PED-1776425150850', 180, 1, 0.000),
	(97, 'PED-1776425150850', 178, 1, 0.000),
	(98, 'PED-1776425150850', 176, 2, 0.000),
	(99, 'PED-1776425150850', 175, 1, 0.000),
	(100, 'PED-1776425150850', 174, 1, 0.000),
	(101, 'PED-1776425150850', 121, 0, 20.000),
	(102, 'PED-1776425150850', 117, 0, 200.000),
	(103, 'PED-1776425150850', 61, 0, 20.000),
	(104, 'PED-1776425150850', 57, 0, 20.000),
	(105, 'PED-1776425150850', 56, 0, 200.000),
	(106, 'PED-1776425150850', 55, 0, 100.000),
	(107, 'PED-1776425150850', 53, 0, 200.000),
	(108, 'PED-1776425150850', 52, 0, 150.000),
	(109, 'PED-1776425150850', 51, 0, 50.000),
	(110, 'PED-1776425150850', 50, 0, 20.000),
	(111, 'PED-1776425150850', 130, 0, 50.000),
	(112, 'PED-1776425150850', 128, 1, 50.000),
	(113, 'PED-1776425150850', 126, 0, 200.000),
	(114, 'PED-1776425150850', 43, 0, 20.000),
	(115, 'PED-1776425150850', 42, 0, 150.000),
	(116, 'PED-1776425150850', 39, 0, 50.000),
	(117, 'PED-1776425150850', 38, 0, 200.000),
	(118, 'PED-1776426568386', 148, 0, 30.000),
	(119, 'PED-1776426568386', 62, 0, 40.000),
	(120, 'PED-1776426568386', 115, 0, 30.000),
	(121, 'PED-1776426568386', 119, 0, 10.000),
	(122, 'PED-1776426568386', 117, 0, 40.000),
	(123, 'PED-1776426568386', 56, 0, 40.000),
	(124, 'PED-1776426568386', 55, 0, 20.000),
	(125, 'PED-1776426568386', 53, 0, 50.000),
	(126, 'PED-1776426568386', 52, 0, 40.000),
	(127, 'PED-1776426568386', 51, 0, 15.000),
	(128, 'PED-1776426568386', 50, 0, 10.000),
	(129, 'PED-1776426568386', 130, 0, 20.000),
	(130, 'PED-1776426568386', 129, 0, 15.000),
	(131, 'PED-1776426568386', 128, 0, 20.000),
	(132, 'PED-1776426568386', 126, 4, 40.000),
	(133, 'PED-1776426568386', 43, 0, 20.000),
	(134, 'PED-1776426568386', 42, 0, 50.000),
	(135, 'PED-1776426568386', 41, 0, 15.000),
	(136, 'PED-1776426568386', 39, 0, 20.000),
	(137, 'PED-1776426568386', 38, 0, 45.000),
	(138, 'PED-1776426568386', 37, 0, 15.000),
	(139, 'PED-1776426568386', 33, 0, 10.000),
	(140, 'PED-1776426718078', 130, 0, 15.000),
	(141, 'PED-1776426718078', 39, 0, 15.000),
	(142, 'PED-1776426718078', 26, 0, 10.000),
	(143, 'PED-1776426718078', 126, 0, 40.000),
	(144, 'PED-1776426718078', 38, 0, 40.000),
	(145, 'PED-1776426718078', 148, 0, 20.000),
	(146, 'PED-1776426718078', 52, 0, 20.000),
	(147, 'PED-1776426718078', 55, 0, 50.000),
	(148, 'PED-1776426718078', 117, 0, 50.000),
	(149, 'PED-1776426718078', 53, 0, 75.000),
	(150, 'PED-1776429354408', 148, 0, 25.000),
	(151, 'PED-1776429354408', 120, 0, 50.000),
	(152, 'PED-1776429354408', 117, 0, 50.000),
	(153, 'PED-1776429354408', 115, 0, 25.000),
	(154, 'PED-1776429354408', 56, 0, 50.000),
	(155, 'PED-1776429354408', 55, 0, 30.000),
	(156, 'PED-1776429354408', 53, 0, 50.000),
	(157, 'PED-1776429354408', 52, 0, 25.000),
	(158, 'PED-1776429354408', 51, 0, 10.000),
	(159, 'PED-1776429354408', 50, 0, 10.000),
	(160, 'PED-1776429354408', 128, 0, 15.000),
	(161, 'PED-1776429354408', 126, 0, 50.000),
	(162, 'PED-1776429354408', 42, 0, 45.000),
	(163, 'PED-1776429354408', 39, 0, 15.000),
	(164, 'PED-1776429354408', 38, 0, 45.000),
	(165, 'PED-1776429354408', 37, 0, 12.000),
	(166, 'PED-1776439114587', 43, 0, 20.000),
	(167, 'PED-1776439114587', 176, 0, 40.000),
	(168, 'PED-1776439114587', 148, 0, 50.000),
	(169, 'PED-1776439114587', 38, 0, 50.000),
	(170, 'PED-1776439114587', 126, 0, 40.000),
	(171, 'PED-1776439114587', 130, 0, 30.000),
	(172, 'PED-1776439114587', 62, 0, 40.000),
	(173, 'PED-1776439114587', 188, 0, 15.000),
	(174, 'PED-1776439114587', 41, 0, 20.000),
	(175, 'PED-1776439114587', 51, 0, 20.000),
	(176, 'PED-1776439114587', 55, 0, 20.000),
	(177, 'PED-1776439114587', 129, 0, 30.000),
	(178, 'PED-1776439114587', 53, 0, 50.000),
	(179, 'PED-1776439114587', 115, 0, 50.000),
	(180, 'PED-1776439114587', 117, 0, 40.000),
	(181, 'PED-1776439114587', 52, 0, 50.000),
	(182, 'PED-1776439114587', 56, 0, 50.000),
	(183, 'PED-1776439114587', 26, 0, 20.000),
	(184, 'PED-1776439114587', 42, 0, 40.000),
	(185, 'PED-1776439114587', 128, 0, 30.000),
	(186, 'PED-1776439114587', 174, 0, 30.000),
	(187, 'PED-1776439114587', 183, 0, 15.000),
	(188, 'PED-1776770007789', 120, 0, 45.000),
	(189, 'PED-1776770007789', 117, 0, 45.000),
	(190, 'PED-1776770007789', 56, 0, 45.000),
	(191, 'PED-1776770007789', 55, 0, 45.000),
	(192, 'PED-1776770007789', 53, 0, 45.000),
	(193, 'PED-1776770007789', 52, 0, 30.000),
	(194, 'PED-1776770007789', 128, 0, 15.000),
	(195, 'PED-1776770007789', 126, 0, 40.000),
	(196, 'PED-1776770007789', 125, 0, 40.000),
	(197, 'PED-1776770007789', 105, 0, 9.000),
	(198, 'PED-1776770007789', 101, 0, 30.000),
	(199, 'PED-1776770007789', 42, 0, 35.000),
	(200, 'PED-1776770007789', 39, 0, 12.000),
	(201, 'PED-1776770007789', 38, 0, 35.000),
	(202, 'PED-1776770007789', 37, 0, 9.000),
	(203, 'PED-1776775834835', 128, 1, 0.000),
	(204, 'PED-1776775834835', 127, 2, 0.000),
	(205, 'PED-1776775834835', 177, 2, 0.000),
	(206, 'PED-1776775834835', 148, 0, 20.000),
	(207, 'PED-1776775834835', 121, 0, 10.000),
	(208, 'PED-1776775834835', 120, 0, 20.000),
	(209, 'PED-1776775834835', 117, 0, 100.000),
	(210, 'PED-1776775834835', 61, 0, 15.000),
	(211, 'PED-1776775834835', 57, 1, 15.000),
	(212, 'PED-1776775834835', 56, 2, 160.000),
	(213, 'PED-1776775834835', 55, 0, 50.000),
	(214, 'PED-1776775834835', 53, 0, 160.000),
	(215, 'PED-1776775834835', 52, 0, 50.000),
	(216, 'PED-1776775834835', 51, 0, 30.000),
	(217, 'PED-1776775834835', 50, 0, 15.000),
	(218, 'PED-1776775834835', 130, 0, 30.000),
	(219, 'PED-1776775834835', 126, 0, 100.000),
	(220, 'PED-1776775834835', 125, 0, 100.000),
	(221, 'PED-1776775834835', 106, 0, 20.000),
	(222, 'PED-1776775834835', 101, 0, 100.000),
	(223, 'PED-1776775834835', 43, 0, 20.000),
	(224, 'PED-1776775834835', 42, 0, 20.000),
	(225, 'PED-1776775834835', 41, 0, 15.000),
	(226, 'PED-1776775834835', 38, 0, 100.000),
	(227, 'PED-1776780912989', 51, 0, 10.000),
	(228, 'PED-1776780912989', 39, 0, 13.000),
	(229, 'PED-1776780912989', 128, 0, 16.000),
	(230, 'PED-1776780912989', 26, 0, 6.000),
	(231, 'PED-1776780912989', 148, 0, 13.000),
	(232, 'PED-1776780912989', 117, 0, 20.000),
	(233, 'PED-1776780912989', 55, 0, 15.000),
	(234, 'PED-1776780912989', 53, 0, 20.000),
	(235, 'PED-1776780912989', 52, 0, 15.000),
	(236, 'PED-1776780912989', 130, 0, 13.000),
	(237, 'PED-1776780912989', 129, 0, 15.000),
	(238, 'PED-1776780912989', 126, 0, 20.000),
	(239, 'PED-1776780912989', 106, 0, 20.000),
	(240, 'PED-1776780912989', 38, 0, 15.000),
	(241, 'PED-1776781730897', 126, 4, 50.000),
	(242, 'PED-1776781730897', 148, 0, 30.000),
	(243, 'PED-1776781730897', 62, 0, 40.000),
	(244, 'PED-1776781730897', 120, 0, 30.000),
	(245, 'PED-1776781730897', 117, 0, 60.000),
	(246, 'PED-1776781730897', 114, 0, 10.000),
	(247, 'PED-1776781730897', 61, 0, 10.000),
	(248, 'PED-1776781730897', 57, 0, 10.000),
	(249, 'PED-1776781730897', 56, 0, 70.000),
	(250, 'PED-1776781730897', 55, 0, 30.000),
	(251, 'PED-1776781730897', 53, 0, 60.000),
	(252, 'PED-1776781730897', 52, 0, 20.000),
	(253, 'PED-1776781730897', 51, 0, 10.000),
	(254, 'PED-1776781730897', 50, 0, 10.000),
	(255, 'PED-1776781730897', 130, 0, 30.000),
	(256, 'PED-1776781730897', 128, 0, 30.000),
	(257, 'PED-1776781730897', 125, 0, 50.000),
	(258, 'PED-1776781730897', 106, 0, 30.000),
	(259, 'PED-1776781730897', 105, 0, 20.000),
	(260, 'PED-1776781730897', 43, 0, 25.000),
	(261, 'PED-1776781730897', 42, 0, 50.000),
	(262, 'PED-1776781730897', 41, 0, 25.000),
	(263, 'PED-1776781730897', 39, 0, 40.000),
	(264, 'PED-1776781730897', 38, 0, 50.000),
	(265, 'PED-1776781730897', 37, 0, 20.000),
	(266, 'PED-1776781730897', 33, 0, 10.000),
	(267, 'PED-1776782622478', 126, 0, 40.000),
	(268, 'PED-1776782622478', 38, 0, 40.000),
	(269, 'PED-1776782622478', 122, 0, 20.000),
	(270, 'PED-1776782622478', 53, 0, 50.000),
	(271, 'PED-1776782622478', 62, 0, 50.000),
	(272, 'PED-1776782622478', 148, 0, 50.000),
	(273, 'PED-1776782622478', 56, 0, 50.000),
	(274, 'PED-1776782622478', 26, 0, 10.000),
	(275, 'PED-1776782622478', 127, 0, 10.000),
	(276, 'PED-1776782622478', 129, 0, 15.000),
	(277, 'PED-1776782622478', 125, 0, 40.000),
	(278, 'PED-1776782622478', 121, 0, 10.000),
	(279, 'PED-1776782622478', 117, 0, 40.000),
	(280, 'PED-1776782622478', 52, 0, 50.000),
	(281, 'PED-1776782622478', 42, 0, 40.000),
	(282, 'PED-1776782622478', 39, 0, 20.000),
	(283, 'PED-1776782622478', 55, 0, 30.000),
	(284, 'PED-1776782622478', 110, 0, 25.000),
	(285, 'PED-1776782622478', 128, 0, 30.000),
	(286, 'PED-1776782622478', 174, 0, 30.000),
	(287, 'PED-1776959861730', 53, 0, 20.000),
	(288, 'PED-1776959861730', 52, 0, 20.000),
	(289, 'PED-1776959861730', 56, 0, 20.000),
	(290, 'PED-1777029929738', 56, 0, 50.000),
	(291, 'PED-1777029929738', 55, 0, 50.000),
	(292, 'PED-1777029929738', 53, 0, 50.000),
	(293, 'PED-1777029929738', 52, 0, 40.000),
	(294, 'PED-1777029929738', 50, 0, 15.000),
	(295, 'PED-1777029929738', 128, 0, 15.000),
	(296, 'PED-1777029929738', 127, 0, 15.000),
	(297, 'PED-1777029929738', 126, 0, 45.000),
	(298, 'PED-1777029929738', 124, 0, 15.000),
	(299, 'PED-1777029929738', 42, 0, 45.000),
	(300, 'PED-1777029929738', 39, 0, 15.000),
	(301, 'PED-1777029929738', 38, 0, 45.000),
	(302, 'PED-1777030055110', 148, 0, 10.000),
	(303, 'PED-1777030055110', 117, 0, 15.000),
	(304, 'PED-1777030055110', 57, 0, 4.000),
	(305, 'PED-1777030055110', 55, 0, 20.000),
	(306, 'PED-1777030055110', 53, 0, 25.000),
	(307, 'PED-1777030055110', 52, 0, 35.000),
	(308, 'PED-1777030055110', 51, 0, 15.000),
	(309, 'PED-1777030055110', 130, 0, 15.000),
	(310, 'PED-1777030055110', 127, 0, 4.000),
	(311, 'PED-1777030055110', 105, 0, 15.000),
	(312, 'PED-1777030055110', 101, 0, 15.000),
	(313, 'PED-1777030055110', 41, 0, 16.000),
	(314, 'PED-1777030055110', 39, 0, 20.000),
	(315, 'PED-1777030055110', 38, 0, 20.000),
	(316, 'PED-1777030055110', 33, 0, 4.000),
	(317, 'PED-1777031905388', 187, 10, 0.000),
	(318, 'PED-1777031905388', 186, 10, 0.000),
	(319, 'PED-1777031905388', 184, 1, 0.000),
	(320, 'PED-1777031905388', 183, 1, 0.000),
	(321, 'PED-1777031905388', 148, 0, 20.000),
	(322, 'PED-1777031905388', 117, 0, 80.000),
	(323, 'PED-1777031905388', 56, 0, 100.000),
	(324, 'PED-1777031905388', 55, 0, 30.000),
	(325, 'PED-1777031905388', 53, 0, 100.000),
	(326, 'PED-1777031905388', 52, 0, 50.000),
	(327, 'PED-1777031905388', 51, 0, 20.000),
	(328, 'PED-1777031905388', 50, 0, 15.000),
	(329, 'PED-1777031905388', 130, 0, 20.000),
	(330, 'PED-1777031905388', 128, 0, 15.000),
	(331, 'PED-1777031905388', 127, 0, 5.000),
	(332, 'PED-1777031905388', 126, 2, 50.000),
	(333, 'PED-1777031905388', 125, 2, 50.000),
	(334, 'PED-1777031905388', 106, 0, 10.000),
	(335, 'PED-1777031905388', 105, 0, 10.000),
	(336, 'PED-1777031905388', 101, 0, 100.000),
	(337, 'PED-1777031905388', 43, 0, 10.000),
	(338, 'PED-1777031905388', 42, 0, 100.000),
	(339, 'PED-1777031905388', 41, 0, 10.000),
	(340, 'PED-1777031905388', 39, 0, 20.000),
	(341, 'PED-1777031905388', 38, 0, 100.000),
	(342, 'PED-1777051847213', 177, 0, 20.000),
	(343, 'PED-1777051847213', 53, 0, 40.000),
	(344, 'PED-1777051847213', 130, 0, 25.000),
	(345, 'PED-1777051847213', 126, 0, 40.000),
	(346, 'PED-1777051847213', 38, 0, 40.000),
	(347, 'PED-1777051847213', 62, 0, 40.000),
	(348, 'PED-1777051847213', 51, 0, 15.000),
	(349, 'PED-1777051847213', 50, 0, 15.000),
	(350, 'PED-1777051847213', 148, 0, 50.000),
	(351, 'PED-1777051847213', 56, 0, 40.000),
	(352, 'PED-1777051847213', 41, 0, 20.000),
	(353, 'PED-1777051847213', 26, 0, 15.000),
	(354, 'PED-1777051847213', 37, 0, 15.000),
	(355, 'PED-1777051847213', 121, 0, 10.000),
	(356, 'PED-1777051847213', 116, 0, 10.000),
	(357, 'PED-1777051847213', 52, 0, 50.000),
	(358, 'PED-1777051847213', 117, 0, 20.000),
	(359, 'PED-1777051847213', 39, 0, 20.000),
	(360, 'PED-1777051847213', 55, 0, 15.000),
	(361, 'PED-1777051847213', 128, 0, 30.000),
	(362, 'PED-1777051847213', 174, 0, 20.000),
	(363, 'PED-1776165180417', 26, 0, 10.000),
	(364, 'PED-1776165180417', 148, 0, 35.000),
	(365, 'PED-1776165180417', 117, 0, 20.000),
	(366, 'PED-1776165180417', 115, 0, 40.000),
	(367, 'PED-1776165180417', 55, 0, 10.000),
	(368, 'PED-1776165180417', 53, 0, 50.000),
	(369, 'PED-1776165180417', 52, 0, 30.000),
	(370, 'PED-1776165180417', 130, 0, 10.000),
	(371, 'PED-1776165180417', 129, 0, 10.000),
	(372, 'PED-1776165180417', 126, 0, 50.000),
	(373, 'PED-1776165180417', 38, 0, 50.000),
	(374, 'PED-1776166239217', 117, 0, 250.000),
	(375, 'PED-1776166239217', 115, 0, 250.000),
	(376, 'PED-1776166239217', 61, 0, 25.000),
	(377, 'PED-1776166239217', 57, 0, 25.000),
	(378, 'PED-1776166239217', 56, 0, 250.000),
	(379, 'PED-1776166239217', 55, 0, 50.000),
	(380, 'PED-1776166239217', 53, 0, 250.000),
	(381, 'PED-1776166239217', 52, 0, 250.000),
	(382, 'PED-1776166239217', 50, 0, 25.000),
	(383, 'PED-1776166239217', 128, 0, 15.000),
	(384, 'PED-1776166239217', 43, 0, 25.000),
	(385, 'PED-1776166239217', 42, 0, 120.000),
	(386, 'PED-1776166239217', 38, 0, 120.000),
	(387, 'PED-1776166239217', 130, 1, 15.000),
	(388, 'PED-1776166239217', 126, 2, 150.000),
	(389, 'PED-1776166239217', 187, 10, 0.000),
	(390, 'PED-1776166239217', 186, 10, 0.000),
	(391, 'PED-1776166239217', 184, 1, 0.000),
	(392, 'PED-1776166239217', 183, 1, 0.000),
	(393, 'PED-1776166239217', 180, 2, 0.000),
	(394, 'PED-1776166239217', 178, 1, 0.000),
	(395, 'PED-1776166239217', 177, 2, 0.000),
	(396, 'PED-1776166239217', 175, 1, 0.000),
	(397, 'PED-1776171799356', 148, 0, 30.000),
	(398, 'PED-1776171799356', 120, 0, 35.000),
	(399, 'PED-1776171799356', 117, 0, 35.000),
	(400, 'PED-1776171799356', 115, 0, 30.000),
	(401, 'PED-1776171799356', 56, 0, 35.000),
	(402, 'PED-1776171799356', 55, 0, 35.000),
	(403, 'PED-1776171799356', 53, 0, 35.000),
	(404, 'PED-1776171799356', 52, 0, 30.000),
	(405, 'PED-1776171799356', 128, 0, 12.000),
	(406, 'PED-1776171799356', 126, 0, 25.000),
	(407, 'PED-1776171799356', 42, 0, 25.000),
	(408, 'PED-1776171799356', 39, 0, 12.000),
	(409, 'PED-1776171799356', 38, 0, 25.000),
	(410, 'PED-1776176072044', 130, 0, 40.000),
	(411, 'PED-1776176072044', 126, 0, 40.000),
	(412, 'PED-1776176072044', 38, 0, 40.000),
	(413, 'PED-1776176072044', 148, 0, 50.000),
	(414, 'PED-1776176072044', 43, 0, 20.000),
	(415, 'PED-1776176072044', 188, 0, 30.000),
	(416, 'PED-1776176072044', 41, 0, 20.000),
	(417, 'PED-1776176072044', 181, 0, 20.000),
	(418, 'PED-1776176072044', 177, 0, 30.000),
	(419, 'PED-1776176072044', 50, 0, 10.000),
	(420, 'PED-1776176072044', 115, 0, 50.000),
	(421, 'PED-1776176072044', 116, 0, 10.000),
	(422, 'PED-1776176072044', 117, 0, 40.000),
	(423, 'PED-1776176072044', 52, 0, 50.000),
	(424, 'PED-1776176072044', 26, 0, 15.000),
	(425, 'PED-1776176072044', 42, 0, 50.000),
	(426, 'PED-1776176072044', 128, 0, 40.000),
	(427, 'PED-1776176072044', 174, 0, 40.000),
	(428, 'PED-1776176072044', 56, 0, 45.000),
	(429, 'PED-1776178468198', 148, 0, 25.000),
	(430, 'PED-1776178468198', 62, 0, 30.000),
	(431, 'PED-1776178468198', 120, 0, 20.000),
	(432, 'PED-1776178468198', 117, 0, 40.000),
	(433, 'PED-1776178468198', 115, 0, 30.000),
	(434, 'PED-1776178468198', 114, 0, 10.000),
	(435, 'PED-1776178468198', 61, 0, 10.000),
	(436, 'PED-1776178468198', 56, 0, 50.000),
	(437, 'PED-1776178468198', 55, 0, 25.000),
	(438, 'PED-1776178468198', 33, 0, 10.000),
	(439, 'PED-1776178468198', 37, 0, 10.000),
	(440, 'PED-1776178468198', 38, 0, 50.000),
	(441, 'PED-1776178468198', 39, 0, 20.000),
	(442, 'PED-1776178468198', 41, 0, 15.000),
	(443, 'PED-1776178468198', 42, 0, 40.000),
	(444, 'PED-1776178468198', 43, 0, 15.000),
	(445, 'PED-1776178468198', 126, 0, 40.000),
	(446, 'PED-1776178468198', 128, 0, 20.000),
	(447, 'PED-1776178468198', 129, 0, 10.000),
	(448, 'PED-1776178468198', 130, 0, 15.000),
	(449, 'PED-1776178468198', 50, 0, 10.000),
	(450, 'PED-1776178468198', 51, 0, 15.000),
	(451, 'PED-1776178468198', 52, 0, 25.000),
	(452, 'PED-1776178468198', 53, 0, 40.000),
	(453, 'PED-1776425150850', 187, 12, 0.000),
	(454, 'PED-1776425150850', 186, 12, 0.000),
	(455, 'PED-1776425150850', 184, 1, 0.000),
	(456, 'PED-1776425150850', 183, 1, 0.000),
	(457, 'PED-1776425150850', 180, 1, 0.000),
	(458, 'PED-1776425150850', 178, 1, 0.000),
	(459, 'PED-1776425150850', 176, 2, 0.000),
	(460, 'PED-1776425150850', 175, 1, 0.000),
	(461, 'PED-1776425150850', 174, 1, 0.000),
	(462, 'PED-1776425150850', 121, 0, 20.000),
	(463, 'PED-1776425150850', 117, 0, 200.000),
	(464, 'PED-1776425150850', 61, 0, 20.000),
	(465, 'PED-1776425150850', 57, 0, 20.000),
	(466, 'PED-1776425150850', 56, 0, 200.000),
	(467, 'PED-1776425150850', 55, 0, 100.000),
	(468, 'PED-1776425150850', 53, 0, 200.000),
	(469, 'PED-1776425150850', 52, 0, 150.000),
	(470, 'PED-1776425150850', 51, 0, 50.000),
	(471, 'PED-1776425150850', 50, 0, 20.000),
	(472, 'PED-1776425150850', 130, 0, 50.000),
	(473, 'PED-1776425150850', 128, 1, 50.000),
	(474, 'PED-1776425150850', 126, 0, 200.000),
	(475, 'PED-1776425150850', 43, 0, 20.000),
	(476, 'PED-1776425150850', 42, 0, 150.000),
	(477, 'PED-1776425150850', 39, 0, 50.000),
	(478, 'PED-1776425150850', 38, 0, 200.000),
	(479, 'PED-1776426568386', 148, 0, 30.000),
	(480, 'PED-1776426568386', 62, 0, 40.000),
	(481, 'PED-1776426568386', 115, 0, 30.000),
	(482, 'PED-1776426568386', 119, 0, 10.000),
	(483, 'PED-1776426568386', 117, 0, 40.000),
	(484, 'PED-1776426568386', 56, 0, 40.000),
	(485, 'PED-1776426568386', 55, 0, 20.000),
	(486, 'PED-1776426568386', 53, 0, 50.000),
	(487, 'PED-1776426568386', 52, 0, 40.000),
	(488, 'PED-1776426568386', 51, 0, 15.000),
	(489, 'PED-1776426568386', 50, 0, 10.000),
	(490, 'PED-1776426568386', 130, 0, 20.000),
	(491, 'PED-1776426568386', 129, 0, 15.000),
	(492, 'PED-1776426568386', 128, 0, 20.000),
	(493, 'PED-1776426568386', 126, 4, 40.000),
	(494, 'PED-1776426568386', 43, 0, 20.000),
	(495, 'PED-1776426568386', 42, 0, 50.000),
	(496, 'PED-1776426568386', 41, 0, 15.000),
	(497, 'PED-1776426568386', 39, 0, 20.000),
	(498, 'PED-1776426568386', 38, 0, 45.000),
	(499, 'PED-1776426568386', 37, 0, 15.000),
	(500, 'PED-1776426568386', 33, 0, 10.000),
	(501, 'PED-1776426718078', 130, 0, 15.000),
	(502, 'PED-1776426718078', 39, 0, 15.000),
	(503, 'PED-1776426718078', 26, 0, 10.000),
	(504, 'PED-1776426718078', 126, 0, 40.000),
	(505, 'PED-1776426718078', 38, 0, 40.000),
	(506, 'PED-1776426718078', 148, 0, 20.000),
	(507, 'PED-1776426718078', 52, 0, 20.000),
	(508, 'PED-1776426718078', 55, 0, 50.000),
	(509, 'PED-1776426718078', 117, 0, 50.000),
	(510, 'PED-1776426718078', 53, 0, 75.000),
	(511, 'PED-1776429354408', 148, 0, 25.000),
	(512, 'PED-1776429354408', 120, 0, 50.000),
	(513, 'PED-1776429354408', 117, 0, 50.000),
	(514, 'PED-1776429354408', 115, 0, 25.000),
	(515, 'PED-1776429354408', 56, 0, 50.000),
	(516, 'PED-1776429354408', 55, 0, 30.000),
	(517, 'PED-1776429354408', 53, 0, 50.000),
	(518, 'PED-1776429354408', 52, 0, 25.000),
	(519, 'PED-1776429354408', 51, 0, 10.000),
	(520, 'PED-1776429354408', 50, 0, 10.000),
	(521, 'PED-1776429354408', 128, 0, 15.000),
	(522, 'PED-1776429354408', 126, 0, 50.000),
	(523, 'PED-1776429354408', 42, 0, 45.000),
	(524, 'PED-1776429354408', 39, 0, 15.000),
	(525, 'PED-1776429354408', 38, 0, 45.000),
	(526, 'PED-1776429354408', 37, 0, 12.000),
	(527, 'PED-1776439114587', 43, 0, 20.000),
	(528, 'PED-1776439114587', 176, 0, 40.000),
	(529, 'PED-1776439114587', 148, 0, 50.000),
	(530, 'PED-1776439114587', 38, 0, 50.000),
	(531, 'PED-1776439114587', 126, 0, 40.000),
	(532, 'PED-1776439114587', 130, 0, 30.000),
	(533, 'PED-1776439114587', 62, 0, 40.000),
	(534, 'PED-1776439114587', 188, 0, 15.000),
	(535, 'PED-1776439114587', 41, 0, 20.000),
	(536, 'PED-1776439114587', 51, 0, 20.000),
	(537, 'PED-1776439114587', 55, 0, 20.000),
	(538, 'PED-1776439114587', 129, 0, 30.000),
	(539, 'PED-1776439114587', 53, 0, 50.000),
	(540, 'PED-1776439114587', 115, 0, 50.000),
	(541, 'PED-1776439114587', 117, 0, 40.000),
	(542, 'PED-1776439114587', 52, 0, 50.000),
	(543, 'PED-1776439114587', 56, 0, 50.000),
	(544, 'PED-1776439114587', 26, 0, 20.000),
	(545, 'PED-1776439114587', 42, 0, 40.000),
	(546, 'PED-1776439114587', 128, 0, 30.000),
	(547, 'PED-1776439114587', 174, 0, 30.000),
	(548, 'PED-1776439114587', 183, 0, 15.000),
	(549, 'PED-1776770007789', 120, 0, 45.000),
	(550, 'PED-1776770007789', 117, 0, 45.000),
	(551, 'PED-1776770007789', 56, 0, 45.000),
	(552, 'PED-1776770007789', 55, 0, 45.000),
	(553, 'PED-1776770007789', 53, 0, 45.000),
	(554, 'PED-1776770007789', 52, 0, 30.000),
	(555, 'PED-1776770007789', 128, 0, 15.000),
	(556, 'PED-1776770007789', 126, 0, 40.000),
	(557, 'PED-1776770007789', 125, 0, 40.000),
	(558, 'PED-1776770007789', 105, 0, 9.000),
	(559, 'PED-1776770007789', 101, 0, 30.000),
	(560, 'PED-1776770007789', 42, 0, 35.000),
	(561, 'PED-1776770007789', 39, 0, 12.000),
	(562, 'PED-1776770007789', 38, 0, 35.000),
	(563, 'PED-1776770007789', 37, 0, 9.000),
	(564, 'PED-1776775834835', 128, 1, 0.000),
	(565, 'PED-1776775834835', 127, 2, 0.000),
	(566, 'PED-1776775834835', 177, 2, 0.000),
	(567, 'PED-1776775834835', 148, 0, 20.000),
	(568, 'PED-1776775834835', 121, 0, 10.000),
	(569, 'PED-1776775834835', 120, 0, 20.000),
	(570, 'PED-1776775834835', 117, 0, 100.000),
	(571, 'PED-1776775834835', 61, 0, 15.000),
	(572, 'PED-1776775834835', 57, 1, 15.000),
	(573, 'PED-1776775834835', 56, 2, 160.000),
	(574, 'PED-1776775834835', 55, 0, 50.000),
	(575, 'PED-1776775834835', 53, 0, 160.000),
	(576, 'PED-1776775834835', 52, 0, 50.000),
	(577, 'PED-1776775834835', 51, 0, 30.000),
	(578, 'PED-1776775834835', 50, 0, 15.000),
	(579, 'PED-1776775834835', 130, 0, 30.000),
	(580, 'PED-1776775834835', 126, 0, 100.000),
	(581, 'PED-1776775834835', 125, 0, 100.000),
	(582, 'PED-1776775834835', 106, 0, 20.000),
	(583, 'PED-1776775834835', 101, 0, 100.000),
	(584, 'PED-1776775834835', 43, 0, 20.000),
	(585, 'PED-1776775834835', 42, 0, 20.000),
	(586, 'PED-1776775834835', 41, 0, 15.000),
	(587, 'PED-1776775834835', 38, 0, 100.000),
	(588, 'PED-1776780912989', 51, 0, 10.000),
	(589, 'PED-1776780912989', 39, 0, 13.000),
	(590, 'PED-1776780912989', 128, 0, 16.000),
	(591, 'PED-1776780912989', 26, 0, 6.000),
	(592, 'PED-1776780912989', 148, 0, 13.000),
	(593, 'PED-1776780912989', 117, 0, 20.000),
	(594, 'PED-1776780912989', 55, 0, 15.000),
	(595, 'PED-1776780912989', 53, 0, 20.000),
	(596, 'PED-1776780912989', 52, 0, 15.000),
	(597, 'PED-1776780912989', 130, 0, 13.000),
	(598, 'PED-1776780912989', 129, 0, 15.000),
	(599, 'PED-1776780912989', 126, 0, 20.000),
	(600, 'PED-1776780912989', 106, 0, 20.000),
	(601, 'PED-1776780912989', 38, 0, 15.000),
	(602, 'PED-1776781730897', 126, 4, 50.000),
	(603, 'PED-1776781730897', 148, 0, 30.000),
	(604, 'PED-1776781730897', 62, 0, 40.000),
	(605, 'PED-1776781730897', 120, 0, 30.000),
	(606, 'PED-1776781730897', 117, 0, 60.000),
	(607, 'PED-1776781730897', 114, 0, 10.000),
	(608, 'PED-1776781730897', 61, 0, 10.000),
	(609, 'PED-1776781730897', 57, 0, 10.000),
	(610, 'PED-1776781730897', 56, 0, 70.000),
	(611, 'PED-1776781730897', 55, 0, 30.000),
	(612, 'PED-1776781730897', 53, 0, 60.000),
	(613, 'PED-1776781730897', 52, 0, 20.000),
	(614, 'PED-1776781730897', 51, 0, 10.000),
	(615, 'PED-1776781730897', 50, 0, 10.000),
	(616, 'PED-1776781730897', 130, 0, 30.000),
	(617, 'PED-1776781730897', 128, 0, 30.000),
	(618, 'PED-1776781730897', 125, 0, 50.000),
	(619, 'PED-1776781730897', 106, 0, 30.000),
	(620, 'PED-1776781730897', 105, 0, 20.000),
	(621, 'PED-1776781730897', 43, 0, 25.000),
	(622, 'PED-1776781730897', 42, 0, 50.000),
	(623, 'PED-1776781730897', 41, 0, 25.000),
	(624, 'PED-1776781730897', 39, 0, 40.000),
	(625, 'PED-1776781730897', 38, 0, 50.000),
	(626, 'PED-1776781730897', 37, 0, 20.000),
	(627, 'PED-1776781730897', 33, 0, 10.000),
	(628, 'PED-1776782622478', 126, 0, 40.000),
	(629, 'PED-1776782622478', 38, 0, 40.000),
	(630, 'PED-1776782622478', 122, 0, 20.000),
	(631, 'PED-1776782622478', 53, 0, 50.000),
	(632, 'PED-1776782622478', 62, 0, 50.000),
	(633, 'PED-1776782622478', 148, 0, 50.000),
	(634, 'PED-1776782622478', 56, 0, 50.000),
	(635, 'PED-1776782622478', 26, 0, 10.000),
	(636, 'PED-1776782622478', 127, 0, 10.000),
	(637, 'PED-1776782622478', 129, 0, 15.000),
	(638, 'PED-1776782622478', 125, 0, 40.000),
	(639, 'PED-1776782622478', 121, 0, 10.000),
	(640, 'PED-1776782622478', 117, 0, 40.000),
	(641, 'PED-1776782622478', 52, 0, 50.000),
	(642, 'PED-1776782622478', 42, 0, 40.000),
	(643, 'PED-1776782622478', 39, 0, 20.000),
	(644, 'PED-1776782622478', 55, 0, 30.000),
	(645, 'PED-1776782622478', 110, 0, 25.000),
	(646, 'PED-1776782622478', 128, 0, 30.000),
	(647, 'PED-1776782622478', 174, 0, 30.000),
	(648, 'PED-1776959861730', 53, 0, 20.000),
	(649, 'PED-1776959861730', 52, 0, 20.000),
	(650, 'PED-1776959861730', 56, 0, 20.000),
	(651, 'PED-1777029929738', 56, 0, 50.000),
	(652, 'PED-1777029929738', 55, 0, 50.000),
	(653, 'PED-1777029929738', 53, 0, 50.000),
	(654, 'PED-1777029929738', 52, 0, 40.000),
	(655, 'PED-1777029929738', 50, 0, 15.000),
	(656, 'PED-1777029929738', 128, 0, 15.000),
	(657, 'PED-1777029929738', 127, 0, 15.000),
	(658, 'PED-1777029929738', 126, 0, 45.000),
	(659, 'PED-1777029929738', 124, 0, 15.000),
	(660, 'PED-1777029929738', 42, 0, 45.000),
	(661, 'PED-1777029929738', 39, 0, 15.000),
	(662, 'PED-1777029929738', 38, 0, 45.000),
	(663, 'PED-1777030055110', 148, 0, 10.000),
	(664, 'PED-1777030055110', 117, 0, 15.000),
	(665, 'PED-1777030055110', 57, 0, 4.000),
	(666, 'PED-1777030055110', 55, 0, 20.000),
	(667, 'PED-1777030055110', 53, 0, 25.000),
	(668, 'PED-1777030055110', 52, 0, 35.000),
	(669, 'PED-1777030055110', 51, 0, 15.000),
	(670, 'PED-1777030055110', 130, 0, 15.000),
	(671, 'PED-1777030055110', 127, 0, 4.000),
	(672, 'PED-1777030055110', 105, 0, 15.000),
	(673, 'PED-1777030055110', 101, 0, 15.000),
	(674, 'PED-1777030055110', 41, 0, 16.000),
	(675, 'PED-1777030055110', 39, 0, 20.000),
	(676, 'PED-1777030055110', 38, 0, 20.000),
	(677, 'PED-1777030055110', 33, 0, 4.000),
	(678, 'PED-1777031905388', 187, 10, 0.000),
	(679, 'PED-1777031905388', 186, 10, 0.000),
	(680, 'PED-1777031905388', 184, 1, 0.000),
	(681, 'PED-1777031905388', 183, 1, 0.000),
	(682, 'PED-1777031905388', 148, 0, 20.000),
	(683, 'PED-1777031905388', 117, 0, 80.000),
	(684, 'PED-1777031905388', 56, 0, 100.000),
	(685, 'PED-1777031905388', 55, 0, 30.000),
	(686, 'PED-1777031905388', 53, 0, 100.000),
	(687, 'PED-1777031905388', 52, 0, 50.000),
	(688, 'PED-1777031905388', 51, 0, 20.000),
	(689, 'PED-1777031905388', 50, 0, 15.000),
	(690, 'PED-1777031905388', 130, 0, 20.000),
	(691, 'PED-1777031905388', 128, 0, 15.000),
	(692, 'PED-1777031905388', 127, 0, 5.000),
	(693, 'PED-1777031905388', 126, 2, 50.000),
	(694, 'PED-1777031905388', 125, 2, 50.000),
	(695, 'PED-1777031905388', 106, 0, 10.000),
	(696, 'PED-1777031905388', 105, 0, 10.000),
	(697, 'PED-1777031905388', 101, 0, 100.000),
	(698, 'PED-1777031905388', 43, 0, 10.000),
	(699, 'PED-1777031905388', 42, 0, 100.000),
	(700, 'PED-1777031905388', 41, 0, 10.000),
	(701, 'PED-1777031905388', 39, 0, 20.000),
	(702, 'PED-1777031905388', 38, 0, 100.000),
	(703, 'PED-1777051847213', 177, 0, 20.000),
	(704, 'PED-1777051847213', 53, 0, 40.000),
	(705, 'PED-1777051847213', 130, 0, 25.000),
	(706, 'PED-1777051847213', 126, 0, 40.000),
	(707, 'PED-1777051847213', 38, 0, 40.000),
	(708, 'PED-1777051847213', 62, 0, 40.000),
	(709, 'PED-1777051847213', 51, 0, 15.000),
	(710, 'PED-1777051847213', 50, 0, 15.000),
	(711, 'PED-1777051847213', 148, 0, 50.000),
	(712, 'PED-1777051847213', 56, 0, 40.000),
	(713, 'PED-1777051847213', 41, 0, 20.000),
	(714, 'PED-1777051847213', 26, 0, 15.000),
	(715, 'PED-1777051847213', 37, 0, 15.000),
	(716, 'PED-1777051847213', 121, 0, 10.000),
	(717, 'PED-1777051847213', 116, 0, 10.000),
	(718, 'PED-1777051847213', 52, 0, 50.000),
	(719, 'PED-1777051847213', 117, 0, 20.000),
	(720, 'PED-1777051847213', 39, 0, 20.000),
	(721, 'PED-1777051847213', 55, 0, 15.000),
	(722, 'PED-1777051847213', 128, 0, 30.000),
	(723, 'PED-1777051847213', 174, 0, 20.000),
	(724, 'PED-1777296862349', 178, 0, 5.000),
	(725, 'PED-1777296862349', 42, 0, 40.000),
	(726, 'PED-1777296862349', 38, 0, 40.000),
	(727, 'PED-1777296862349', 48, 0, 5.000),
	(728, 'PED-1777296862349', 34, 0, 5.000),
	(729, 'PED-1777296862349', 186, 0, 12.000),
	(730, 'PED-1777296862349', 187, 0, 12.000),
	(731, 'PED-1777296862349', 55, 1, 0.000),
	(732, 'PED-1777296862349', 53, 1, 0.000),
	(733, 'PED-1777296862349', 50, 0, 10.000),
	(734, 'PED-1777296862349', 60, 0, 20.000),
	(735, 'PED-1777296862349', 54, 0, 20.000),
	(736, 'PED-1777296862349', 119, 0, 30.000),
	(737, 'PED-1777296862349', 57, 0, 30.000),
	(738, 'PED-1777296862349', 148, 0, 50.000),
	(739, 'PED-1777296862349', 52, 0, 50.000),
	(1657, 'PED-1776165180417', 26, 0, 10.000),
	(1658, 'PED-1776165180417', 148, 0, 35.000),
	(1659, 'PED-1776165180417', 117, 0, 20.000),
	(1660, 'PED-1776165180417', 115, 0, 40.000),
	(1661, 'PED-1776165180417', 55, 0, 10.000),
	(1662, 'PED-1776165180417', 53, 0, 50.000),
	(1663, 'PED-1776165180417', 52, 0, 30.000),
	(1664, 'PED-1776165180417', 130, 0, 10.000),
	(1665, 'PED-1776165180417', 129, 0, 10.000),
	(1666, 'PED-1776165180417', 126, 0, 50.000),
	(1667, 'PED-1776165180417', 38, 0, 50.000),
	(1668, 'PED-1776166239217', 117, 0, 250.000),
	(1669, 'PED-1776166239217', 115, 0, 250.000),
	(1670, 'PED-1776166239217', 61, 0, 25.000),
	(1671, 'PED-1776166239217', 57, 0, 25.000),
	(1672, 'PED-1776166239217', 56, 0, 250.000),
	(1673, 'PED-1776166239217', 55, 0, 50.000),
	(1674, 'PED-1776166239217', 53, 0, 250.000),
	(1675, 'PED-1776166239217', 52, 0, 250.000),
	(1676, 'PED-1776166239217', 50, 0, 25.000),
	(1677, 'PED-1776166239217', 128, 0, 15.000),
	(1678, 'PED-1776166239217', 43, 0, 25.000),
	(1679, 'PED-1776166239217', 42, 0, 120.000),
	(1680, 'PED-1776166239217', 38, 0, 120.000),
	(1681, 'PED-1776166239217', 130, 1, 15.000),
	(1682, 'PED-1776166239217', 126, 2, 150.000),
	(1683, 'PED-1776166239217', 187, 10, 0.000),
	(1684, 'PED-1776166239217', 186, 10, 0.000),
	(1685, 'PED-1776166239217', 184, 1, 0.000),
	(1686, 'PED-1776166239217', 183, 1, 0.000),
	(1687, 'PED-1776166239217', 180, 2, 0.000),
	(1688, 'PED-1776166239217', 178, 1, 0.000),
	(1689, 'PED-1776166239217', 177, 2, 0.000),
	(1690, 'PED-1776166239217', 175, 1, 0.000),
	(1691, 'PED-1776171799356', 148, 0, 30.000),
	(1692, 'PED-1776171799356', 120, 0, 35.000),
	(1693, 'PED-1776171799356', 117, 0, 35.000),
	(1694, 'PED-1776171799356', 115, 0, 30.000),
	(1695, 'PED-1776171799356', 56, 0, 35.000),
	(1696, 'PED-1776171799356', 55, 0, 35.000),
	(1697, 'PED-1776171799356', 53, 0, 35.000),
	(1698, 'PED-1776171799356', 52, 0, 30.000),
	(1699, 'PED-1776171799356', 128, 0, 12.000),
	(1700, 'PED-1776171799356', 126, 0, 25.000),
	(1701, 'PED-1776171799356', 42, 0, 25.000),
	(1702, 'PED-1776171799356', 39, 0, 12.000),
	(1703, 'PED-1776171799356', 38, 0, 25.000),
	(1704, 'PED-1776176072044', 130, 0, 40.000),
	(1705, 'PED-1776176072044', 126, 0, 40.000),
	(1706, 'PED-1776176072044', 38, 0, 40.000),
	(1707, 'PED-1776176072044', 148, 0, 50.000),
	(1708, 'PED-1776176072044', 43, 0, 20.000),
	(1709, 'PED-1776176072044', 188, 0, 30.000),
	(1710, 'PED-1776176072044', 41, 0, 20.000),
	(1711, 'PED-1776176072044', 181, 0, 20.000),
	(1712, 'PED-1776176072044', 177, 0, 30.000),
	(1713, 'PED-1776176072044', 50, 0, 10.000),
	(1714, 'PED-1776176072044', 115, 0, 50.000),
	(1715, 'PED-1776176072044', 116, 0, 10.000),
	(1716, 'PED-1776176072044', 117, 0, 40.000),
	(1717, 'PED-1776176072044', 52, 0, 50.000),
	(1718, 'PED-1776176072044', 26, 0, 15.000),
	(1719, 'PED-1776176072044', 42, 0, 50.000),
	(1720, 'PED-1776176072044', 128, 0, 40.000),
	(1721, 'PED-1776176072044', 174, 0, 40.000),
	(1722, 'PED-1776176072044', 56, 0, 45.000),
	(1723, 'PED-1776178468198', 148, 0, 25.000),
	(1724, 'PED-1776178468198', 62, 0, 30.000),
	(1725, 'PED-1776178468198', 120, 0, 20.000),
	(1726, 'PED-1776178468198', 117, 0, 40.000),
	(1727, 'PED-1776178468198', 115, 0, 30.000),
	(1728, 'PED-1776178468198', 114, 0, 10.000),
	(1729, 'PED-1776178468198', 61, 0, 10.000),
	(1730, 'PED-1776178468198', 56, 0, 50.000),
	(1731, 'PED-1776178468198', 55, 0, 25.000),
	(1732, 'PED-1776178468198', 33, 0, 10.000),
	(1733, 'PED-1776178468198', 37, 0, 10.000),
	(1734, 'PED-1776178468198', 38, 0, 50.000),
	(1735, 'PED-1776178468198', 39, 0, 20.000),
	(1736, 'PED-1776178468198', 41, 0, 15.000),
	(1737, 'PED-1776178468198', 42, 0, 40.000),
	(1738, 'PED-1776178468198', 43, 0, 15.000),
	(1739, 'PED-1776178468198', 126, 0, 40.000),
	(1740, 'PED-1776178468198', 128, 0, 20.000),
	(1741, 'PED-1776178468198', 129, 0, 10.000),
	(1742, 'PED-1776178468198', 130, 0, 15.000),
	(1743, 'PED-1776178468198', 50, 0, 10.000),
	(1744, 'PED-1776178468198', 51, 0, 15.000),
	(1745, 'PED-1776178468198', 52, 0, 25.000),
	(1746, 'PED-1776178468198', 53, 0, 40.000),
	(1747, 'PED-1776425150850', 187, 12, 0.000),
	(1748, 'PED-1776425150850', 186, 12, 0.000),
	(1749, 'PED-1776425150850', 184, 1, 0.000),
	(1750, 'PED-1776425150850', 183, 1, 0.000),
	(1751, 'PED-1776425150850', 180, 1, 0.000),
	(1752, 'PED-1776425150850', 178, 1, 0.000),
	(1753, 'PED-1776425150850', 176, 2, 0.000),
	(1754, 'PED-1776425150850', 175, 1, 0.000),
	(1755, 'PED-1776425150850', 174, 1, 0.000),
	(1756, 'PED-1776425150850', 121, 0, 20.000),
	(1757, 'PED-1776425150850', 117, 0, 200.000),
	(1758, 'PED-1776425150850', 61, 0, 20.000),
	(1759, 'PED-1776425150850', 57, 0, 20.000),
	(1760, 'PED-1776425150850', 56, 0, 200.000),
	(1761, 'PED-1776425150850', 55, 0, 100.000),
	(1762, 'PED-1776425150850', 53, 0, 200.000),
	(1763, 'PED-1776425150850', 52, 0, 150.000),
	(1764, 'PED-1776425150850', 51, 0, 50.000),
	(1765, 'PED-1776425150850', 50, 0, 20.000),
	(1766, 'PED-1776425150850', 130, 0, 50.000),
	(1767, 'PED-1776425150850', 128, 1, 50.000),
	(1768, 'PED-1776425150850', 126, 0, 200.000),
	(1769, 'PED-1776425150850', 43, 0, 20.000),
	(1770, 'PED-1776425150850', 42, 0, 150.000),
	(1771, 'PED-1776425150850', 39, 0, 50.000),
	(1772, 'PED-1776425150850', 38, 0, 200.000),
	(1773, 'PED-1776426568386', 148, 0, 30.000),
	(1774, 'PED-1776426568386', 62, 0, 40.000),
	(1775, 'PED-1776426568386', 115, 0, 30.000),
	(1776, 'PED-1776426568386', 119, 0, 10.000),
	(1777, 'PED-1776426568386', 117, 0, 40.000),
	(1778, 'PED-1776426568386', 56, 0, 40.000),
	(1779, 'PED-1776426568386', 55, 0, 20.000),
	(1780, 'PED-1776426568386', 53, 0, 50.000),
	(1781, 'PED-1776426568386', 52, 0, 40.000),
	(1782, 'PED-1776426568386', 51, 0, 15.000),
	(1783, 'PED-1776426568386', 50, 0, 10.000),
	(1784, 'PED-1776426568386', 130, 0, 20.000),
	(1785, 'PED-1776426568386', 129, 0, 15.000),
	(1786, 'PED-1776426568386', 128, 0, 20.000),
	(1787, 'PED-1776426568386', 126, 4, 40.000),
	(1788, 'PED-1776426568386', 43, 0, 20.000),
	(1789, 'PED-1776426568386', 42, 0, 50.000),
	(1790, 'PED-1776426568386', 41, 0, 15.000),
	(1791, 'PED-1776426568386', 39, 0, 20.000),
	(1792, 'PED-1776426568386', 38, 0, 45.000),
	(1793, 'PED-1776426568386', 37, 0, 15.000),
	(1794, 'PED-1776426568386', 33, 0, 10.000),
	(1795, 'PED-1776426718078', 130, 0, 15.000),
	(1796, 'PED-1776426718078', 39, 0, 15.000),
	(1797, 'PED-1776426718078', 26, 0, 10.000),
	(1798, 'PED-1776426718078', 126, 0, 40.000),
	(1799, 'PED-1776426718078', 38, 0, 40.000),
	(1800, 'PED-1776426718078', 148, 0, 20.000),
	(1801, 'PED-1776426718078', 52, 0, 20.000),
	(1802, 'PED-1776426718078', 55, 0, 50.000),
	(1803, 'PED-1776426718078', 117, 0, 50.000),
	(1804, 'PED-1776426718078', 53, 0, 75.000),
	(1805, 'PED-1776429354408', 148, 0, 25.000),
	(1806, 'PED-1776429354408', 120, 0, 50.000),
	(1807, 'PED-1776429354408', 117, 0, 50.000),
	(1808, 'PED-1776429354408', 115, 0, 25.000),
	(1809, 'PED-1776429354408', 56, 0, 50.000),
	(1810, 'PED-1776429354408', 55, 0, 30.000),
	(1811, 'PED-1776429354408', 53, 0, 50.000),
	(1812, 'PED-1776429354408', 52, 0, 25.000),
	(1813, 'PED-1776429354408', 51, 0, 10.000),
	(1814, 'PED-1776429354408', 50, 0, 10.000),
	(1815, 'PED-1776429354408', 128, 0, 15.000),
	(1816, 'PED-1776429354408', 126, 0, 50.000),
	(1817, 'PED-1776429354408', 42, 0, 45.000),
	(1818, 'PED-1776429354408', 39, 0, 15.000),
	(1819, 'PED-1776429354408', 38, 0, 45.000),
	(1820, 'PED-1776429354408', 37, 0, 12.000),
	(1821, 'PED-1776439114587', 43, 0, 20.000),
	(1822, 'PED-1776439114587', 176, 0, 40.000),
	(1823, 'PED-1776439114587', 148, 0, 50.000),
	(1824, 'PED-1776439114587', 38, 0, 50.000),
	(1825, 'PED-1776439114587', 126, 0, 40.000),
	(1826, 'PED-1776439114587', 130, 0, 30.000),
	(1827, 'PED-1776439114587', 62, 0, 40.000),
	(1828, 'PED-1776439114587', 188, 0, 15.000),
	(1829, 'PED-1776439114587', 41, 0, 20.000),
	(1830, 'PED-1776439114587', 51, 0, 20.000),
	(1831, 'PED-1776439114587', 55, 0, 20.000),
	(1832, 'PED-1776439114587', 129, 0, 30.000),
	(1833, 'PED-1776439114587', 53, 0, 50.000),
	(1834, 'PED-1776439114587', 115, 0, 50.000),
	(1835, 'PED-1776439114587', 117, 0, 40.000),
	(1836, 'PED-1776439114587', 52, 0, 50.000),
	(1837, 'PED-1776439114587', 56, 0, 50.000),
	(1838, 'PED-1776439114587', 26, 0, 20.000),
	(1839, 'PED-1776439114587', 42, 0, 40.000),
	(1840, 'PED-1776439114587', 128, 0, 30.000),
	(1841, 'PED-1776439114587', 174, 0, 30.000),
	(1842, 'PED-1776439114587', 183, 0, 15.000),
	(1843, 'PED-1776770007789', 120, 0, 45.000),
	(1844, 'PED-1776770007789', 117, 0, 45.000),
	(1845, 'PED-1776770007789', 56, 0, 45.000),
	(1846, 'PED-1776770007789', 55, 0, 45.000),
	(1847, 'PED-1776770007789', 53, 0, 45.000),
	(1848, 'PED-1776770007789', 52, 0, 30.000),
	(1849, 'PED-1776770007789', 128, 0, 15.000),
	(1850, 'PED-1776770007789', 126, 0, 40.000),
	(1851, 'PED-1776770007789', 125, 0, 40.000),
	(1852, 'PED-1776770007789', 105, 0, 9.000),
	(1853, 'PED-1776770007789', 101, 0, 30.000),
	(1854, 'PED-1776770007789', 42, 0, 35.000),
	(1855, 'PED-1776770007789', 39, 0, 12.000),
	(1856, 'PED-1776770007789', 38, 0, 35.000),
	(1857, 'PED-1776770007789', 37, 0, 9.000),
	(1858, 'PED-1776775834835', 128, 1, 0.000),
	(1859, 'PED-1776775834835', 127, 2, 0.000),
	(1860, 'PED-1776775834835', 177, 2, 0.000),
	(1861, 'PED-1776775834835', 148, 0, 20.000),
	(1862, 'PED-1776775834835', 121, 0, 10.000),
	(1863, 'PED-1776775834835', 120, 0, 20.000),
	(1864, 'PED-1776775834835', 117, 0, 100.000),
	(1865, 'PED-1776775834835', 61, 0, 15.000),
	(1866, 'PED-1776775834835', 57, 1, 15.000),
	(1867, 'PED-1776775834835', 56, 2, 160.000),
	(1868, 'PED-1776775834835', 55, 0, 50.000),
	(1869, 'PED-1776775834835', 53, 0, 160.000),
	(1870, 'PED-1776775834835', 52, 0, 50.000),
	(1871, 'PED-1776775834835', 51, 0, 30.000),
	(1872, 'PED-1776775834835', 50, 0, 15.000),
	(1873, 'PED-1776775834835', 130, 0, 30.000),
	(1874, 'PED-1776775834835', 126, 0, 100.000),
	(1875, 'PED-1776775834835', 125, 0, 100.000),
	(1876, 'PED-1776775834835', 106, 0, 20.000),
	(1877, 'PED-1776775834835', 101, 0, 100.000),
	(1878, 'PED-1776775834835', 43, 0, 20.000),
	(1879, 'PED-1776775834835', 42, 0, 20.000),
	(1880, 'PED-1776775834835', 41, 0, 15.000),
	(1881, 'PED-1776775834835', 38, 0, 100.000),
	(1882, 'PED-1776780912989', 51, 0, 10.000),
	(1883, 'PED-1776780912989', 39, 0, 13.000),
	(1884, 'PED-1776780912989', 128, 0, 16.000),
	(1885, 'PED-1776780912989', 26, 0, 6.000),
	(1886, 'PED-1776780912989', 148, 0, 13.000),
	(1887, 'PED-1776780912989', 117, 0, 20.000),
	(1888, 'PED-1776780912989', 55, 0, 15.000),
	(1889, 'PED-1776780912989', 53, 0, 20.000),
	(1890, 'PED-1776780912989', 52, 0, 15.000),
	(1891, 'PED-1776780912989', 130, 0, 13.000),
	(1892, 'PED-1776780912989', 129, 0, 15.000),
	(1893, 'PED-1776780912989', 126, 0, 20.000),
	(1894, 'PED-1776780912989', 106, 0, 20.000),
	(1895, 'PED-1776780912989', 38, 0, 15.000),
	(1896, 'PED-1776781730897', 126, 4, 50.000),
	(1897, 'PED-1776781730897', 148, 0, 30.000),
	(1898, 'PED-1776781730897', 62, 0, 40.000),
	(1899, 'PED-1776781730897', 120, 0, 30.000),
	(1900, 'PED-1776781730897', 117, 0, 60.000),
	(1901, 'PED-1776781730897', 114, 0, 10.000),
	(1902, 'PED-1776781730897', 61, 0, 10.000),
	(1903, 'PED-1776781730897', 57, 0, 10.000),
	(1904, 'PED-1776781730897', 56, 0, 70.000),
	(1905, 'PED-1776781730897', 55, 0, 30.000),
	(1906, 'PED-1776781730897', 53, 0, 60.000),
	(1907, 'PED-1776781730897', 52, 0, 20.000),
	(1908, 'PED-1776781730897', 51, 0, 10.000),
	(1909, 'PED-1776781730897', 50, 0, 10.000),
	(1910, 'PED-1776781730897', 130, 0, 30.000),
	(1911, 'PED-1776781730897', 128, 0, 30.000),
	(1912, 'PED-1776781730897', 125, 0, 50.000),
	(1913, 'PED-1776781730897', 106, 0, 30.000),
	(1914, 'PED-1776781730897', 105, 0, 20.000),
	(1915, 'PED-1776781730897', 43, 0, 25.000),
	(1916, 'PED-1776781730897', 42, 0, 50.000),
	(1917, 'PED-1776781730897', 41, 0, 25.000),
	(1918, 'PED-1776781730897', 39, 0, 40.000),
	(1919, 'PED-1776781730897', 38, 0, 50.000),
	(1920, 'PED-1776781730897', 37, 0, 20.000),
	(1921, 'PED-1776781730897', 33, 0, 10.000),
	(1922, 'PED-1776782622478', 126, 0, 40.000),
	(1923, 'PED-1776782622478', 38, 0, 40.000),
	(1924, 'PED-1776782622478', 122, 0, 20.000),
	(1925, 'PED-1776782622478', 53, 0, 50.000),
	(1926, 'PED-1776782622478', 62, 0, 50.000),
	(1927, 'PED-1776782622478', 148, 0, 50.000),
	(1928, 'PED-1776782622478', 56, 0, 50.000),
	(1929, 'PED-1776782622478', 26, 0, 10.000),
	(1930, 'PED-1776782622478', 127, 0, 10.000),
	(1931, 'PED-1776782622478', 129, 0, 15.000),
	(1932, 'PED-1776782622478', 125, 0, 40.000),
	(1933, 'PED-1776782622478', 121, 0, 10.000),
	(1934, 'PED-1776782622478', 117, 0, 40.000),
	(1935, 'PED-1776782622478', 52, 0, 50.000),
	(1936, 'PED-1776782622478', 42, 0, 40.000),
	(1937, 'PED-1776782622478', 39, 0, 20.000),
	(1938, 'PED-1776782622478', 55, 0, 30.000),
	(1939, 'PED-1776782622478', 110, 0, 25.000),
	(1940, 'PED-1776782622478', 128, 0, 30.000),
	(1941, 'PED-1776782622478', 174, 0, 30.000),
	(1942, 'PED-1776959861730', 53, 0, 20.000),
	(1943, 'PED-1776959861730', 52, 0, 20.000),
	(1944, 'PED-1776959861730', 56, 0, 20.000),
	(1945, 'PED-1777029929738', 56, 0, 50.000),
	(1946, 'PED-1777029929738', 55, 0, 50.000),
	(1947, 'PED-1777029929738', 53, 0, 50.000),
	(1948, 'PED-1777029929738', 52, 0, 40.000),
	(1949, 'PED-1777029929738', 50, 0, 15.000),
	(1950, 'PED-1777029929738', 128, 0, 15.000),
	(1951, 'PED-1777029929738', 127, 0, 15.000),
	(1952, 'PED-1777029929738', 126, 0, 45.000),
	(1953, 'PED-1777029929738', 124, 0, 15.000),
	(1954, 'PED-1777029929738', 42, 0, 45.000),
	(1955, 'PED-1777029929738', 39, 0, 15.000),
	(1956, 'PED-1777029929738', 38, 0, 45.000),
	(1957, 'PED-1777030055110', 148, 0, 10.000),
	(1958, 'PED-1777030055110', 117, 0, 15.000),
	(1959, 'PED-1777030055110', 57, 0, 4.000),
	(1960, 'PED-1777030055110', 55, 0, 20.000),
	(1961, 'PED-1777030055110', 53, 0, 25.000),
	(1962, 'PED-1777030055110', 52, 0, 35.000),
	(1963, 'PED-1777030055110', 51, 0, 15.000),
	(1964, 'PED-1777030055110', 130, 0, 15.000),
	(1965, 'PED-1777030055110', 127, 0, 4.000),
	(1966, 'PED-1777030055110', 105, 0, 15.000),
	(1967, 'PED-1777030055110', 101, 0, 15.000),
	(1968, 'PED-1777030055110', 41, 0, 16.000),
	(1969, 'PED-1777030055110', 39, 0, 20.000),
	(1970, 'PED-1777030055110', 38, 0, 20.000),
	(1971, 'PED-1777030055110', 33, 0, 4.000),
	(1972, 'PED-1777031905388', 187, 10, 0.000),
	(1973, 'PED-1777031905388', 186, 10, 0.000),
	(1974, 'PED-1777031905388', 184, 1, 0.000),
	(1975, 'PED-1777031905388', 183, 1, 0.000),
	(1976, 'PED-1777031905388', 148, 0, 20.000),
	(1977, 'PED-1777031905388', 117, 0, 80.000),
	(1978, 'PED-1777031905388', 56, 0, 100.000),
	(1979, 'PED-1777031905388', 55, 0, 30.000),
	(1980, 'PED-1777031905388', 53, 0, 100.000),
	(1981, 'PED-1777031905388', 52, 0, 50.000),
	(1982, 'PED-1777031905388', 51, 0, 20.000),
	(1983, 'PED-1777031905388', 50, 0, 15.000),
	(1984, 'PED-1777031905388', 130, 0, 20.000),
	(1985, 'PED-1777031905388', 128, 0, 15.000),
	(1986, 'PED-1777031905388', 127, 0, 5.000),
	(1987, 'PED-1777031905388', 126, 2, 50.000),
	(1988, 'PED-1777031905388', 125, 2, 50.000),
	(1989, 'PED-1777031905388', 106, 0, 10.000),
	(1990, 'PED-1777031905388', 105, 0, 10.000),
	(1991, 'PED-1777031905388', 101, 0, 100.000),
	(1992, 'PED-1777031905388', 43, 0, 10.000),
	(1993, 'PED-1777031905388', 42, 0, 100.000),
	(1994, 'PED-1777031905388', 41, 0, 10.000),
	(1995, 'PED-1777031905388', 39, 0, 20.000),
	(1996, 'PED-1777031905388', 38, 0, 100.000),
	(1997, 'PED-1777051847213', 177, 0, 20.000),
	(1998, 'PED-1777051847213', 53, 0, 40.000),
	(1999, 'PED-1777051847213', 130, 0, 25.000),
	(2000, 'PED-1777051847213', 126, 0, 40.000),
	(2001, 'PED-1777051847213', 38, 0, 40.000),
	(2002, 'PED-1777051847213', 62, 0, 40.000),
	(2003, 'PED-1777051847213', 51, 0, 15.000),
	(2004, 'PED-1777051847213', 50, 0, 15.000),
	(2005, 'PED-1777051847213', 148, 0, 50.000),
	(2006, 'PED-1777051847213', 56, 0, 40.000),
	(2007, 'PED-1777051847213', 41, 0, 20.000),
	(2008, 'PED-1777051847213', 26, 0, 15.000),
	(2009, 'PED-1777051847213', 37, 0, 15.000),
	(2010, 'PED-1777051847213', 121, 0, 10.000),
	(2011, 'PED-1777051847213', 116, 0, 10.000),
	(2012, 'PED-1777051847213', 52, 0, 50.000),
	(2013, 'PED-1777051847213', 117, 0, 20.000),
	(2014, 'PED-1777051847213', 39, 0, 20.000),
	(2015, 'PED-1777051847213', 55, 0, 15.000),
	(2016, 'PED-1777051847213', 128, 0, 30.000),
	(2017, 'PED-1777051847213', 174, 0, 20.000),
	(2018, 'PED-1777296862349', 178, 0, 5.000),
	(2019, 'PED-1777296862349', 42, 0, 40.000),
	(2020, 'PED-1777296862349', 38, 0, 40.000),
	(2021, 'PED-1777296862349', 48, 0, 5.000),
	(2022, 'PED-1777296862349', 34, 0, 5.000),
	(2023, 'PED-1777296862349', 186, 0, 12.000),
	(2024, 'PED-1777296862349', 187, 0, 12.000),
	(2025, 'PED-1777296862349', 55, 1, 0.000),
	(2026, 'PED-1777296862349', 53, 1, 0.000),
	(2027, 'PED-1777296862349', 50, 0, 10.000),
	(2028, 'PED-1777296862349', 60, 0, 20.000),
	(2029, 'PED-1777296862349', 54, 0, 20.000),
	(2030, 'PED-1777296862349', 119, 0, 30.000),
	(2031, 'PED-1777296862349', 57, 0, 30.000),
	(2032, 'PED-1777296862349', 148, 0, 50.000),
	(2033, 'PED-1777296862349', 52, 0, 50.000),
	(2034, 'PED-1777373510505', 43, 0, 15.000),
	(2035, 'PED-1777373510505', 148, 0, 40.000),
	(2036, 'PED-1777373510505', 106, 0, 30.000),
	(2037, 'PED-1777373510505', 126, 0, 30.000),
	(2038, 'PED-1777373510505', 38, 0, 35.000),
	(2039, 'PED-1777373510505', 26, 0, 13.000),
	(2040, 'PED-1777373510505', 110, 0, 35.000),
	(2041, 'PED-1777373510505', 128, 0, 30.000),
	(2042, 'PED-1777373510505', 174, 0, 42.000),
	(2043, 'PED-1777373510505', 34, 0, 10.000),
	(2044, 'PED-1777373510505', 107, 0, 45.000),
	(2045, 'PED-1777373510505', 48, 0, 15.000),
	(2046, 'PED-1777373510505', 33, 0, 5.000),
	(2047, 'PED-1777373510505', 129, 0, 30.000),
	(2048, 'PED-1777373510505', 123, 0, 10.000),
	(2049, 'PED-1777373510505', 120, 0, 25.000),
	(2050, 'PED-1777373510505', 53, 0, 40.000),
	(2051, 'PED-1777373510505', 117, 0, 50.000),
	(2052, 'PED-1777373510505', 52, 0, 55.000),
	(2053, 'PED-1777373510505', 60, 0, 10.000),
	(2054, 'PED-1777374815574', 120, 0, 50.000),
	(2055, 'PED-1777374815574', 117, 0, 50.000),
	(2056, 'PED-1777374815574', 56, 0, 50.000),
	(2057, 'PED-1777374815574', 55, 0, 45.000),
	(2058, 'PED-1777374815574', 53, 0, 45.000),
	(2059, 'PED-1777374815574', 52, 0, 40.000),
	(2060, 'PED-1777374815574', 50, 0, 15.000),
	(2061, 'PED-1777374815574', 128, 0, 15.000),
	(2062, 'PED-1777374815574', 127, 0, 6.000),
	(2063, 'PED-1777374815574', 126, 0, 35.000),
	(2064, 'PED-1777374815574', 125, 0, 35.000),
	(2065, 'PED-1777374815574', 105, 0, 12.000),
	(2066, 'PED-1777374815574', 101, 0, 35.000),
	(2067, 'PED-1777374815574', 42, 0, 35.000),
	(2068, 'PED-1777374815574', 39, 0, 12.000),
	(2069, 'PED-1777374815574', 38, 0, 35.000),
	(2070, 'PED-1777385852629', 148, 0, 30.000),
	(2071, 'PED-1777385852629', 62, 0, 30.000),
	(2072, 'PED-1777385852629', 120, 0, 30.000),
	(2073, 'PED-1777385852629', 119, 0, 10.000),
	(2074, 'PED-1777385852629', 117, 0, 60.000),
	(2075, 'PED-1777385852629', 114, 0, 10.000),
	(2076, 'PED-1777385852629', 61, 0, 15.000),
	(2077, 'PED-1777385852629', 56, 0, 60.000),
	(2078, 'PED-1777385852629', 55, 0, 30.000),
	(2079, 'PED-1777385852629', 53, 0, 60.000),
	(2080, 'PED-1777385852629', 52, 0, 20.000),
	(2081, 'PED-1777385852629', 51, 0, 20.000),
	(2082, 'PED-1777385852629', 50, 0, 10.000),
	(2083, 'PED-1777385852629', 130, 0, 25.000),
	(2084, 'PED-1777385852629', 129, 2, 40.000),
	(2085, 'PED-1777385852629', 128, 2, 30.000),
	(2086, 'PED-1777385852629', 127, 0, 10.000),
	(2087, 'PED-1777385852629', 126, 4, 50.000),
	(2088, 'PED-1777385852629', 125, 0, 50.000),
	(2089, 'PED-1777385852629', 124, 0, 10.000),
	(2090, 'PED-1777385852629', 106, 0, 30.000),
	(2091, 'PED-1777385852629', 105, 0, 30.000),
	(2092, 'PED-1777385852629', 102, 0, 10.000),
	(2093, 'PED-1777385852629', 101, 0, 40.000),
	(2094, 'PED-1777385852629', 43, 0, 30.000),
	(2095, 'PED-1777385852629', 42, 0, 60.000),
	(2096, 'PED-1777385852629', 41, 0, 30.000),
	(2097, 'PED-1777385852629', 39, 0, 25.000),
	(2098, 'PED-1777385852629', 38, 0, 50.000),
	(2099, 'PED-1777385852629', 37, 0, 20.000),
	(2100, 'PED-1777385852629', 33, 0, 10.000),
	(2101, 'PED-1777390576343', 57, 0, 7.000),
	(2102, 'PED-1777390576343', 126, 0, 40.000),
	(2103, 'PED-1777390576343', 38, 0, 40.000),
	(2104, 'PED-1777390576343', 148, 0, 60.000),
	(2105, 'PED-1777390576343', 61, 0, 5.000),
	(2106, 'PED-1777390576343', 62, 0, 30.000),
	(2107, 'PED-1777390576343', 43, 0, 20.000),
	(2108, 'PED-1777390576343', 60, 0, 10.000),
	(2109, 'PED-1777390576343', 177, 0, 20.000),
	(2110, 'PED-1777390576343', 51, 0, 15.000),
	(2111, 'PED-1777390576343', 50, 0, 10.000),
	(2112, 'PED-1777390576343', 56, 0, 60.000),
	(2113, 'PED-1777390576343', 26, 0, 15.000),
	(2114, 'PED-1777390576343', 42, 0, 40.000),
	(2115, 'PED-1777390576343', 39, 0, 25.000),
	(2116, 'PED-1777390576343', 128, 0, 20.000),
	(2117, 'PED-1777390576343', 174, 0, 30.000),
	(2118, 'PED-1777390576343', 55, 0, 30.000),
	(2119, 'PED-1777390576343', 129, 0, 20.000),
	(2120, 'PED-1777390576343', 53, 0, 70.000),
	(2121, 'PED-1777390576343', 119, 0, 10.000),
	(2122, 'PED-1777390576343', 118, 0, 5.000),
	(2123, 'PED-1777390576343', 117, 0, 30.000),
	(2124, 'PED-1777390576343', 52, 0, 70.000),
	(2125, 'PED-1777390698818', 188, 1, 0.000),
	(2126, 'PED-1777390698818', 187, 24, 0.000),
	(2127, 'PED-1777390698818', 186, 24, 0.000),
	(2128, 'PED-1777390698818', 183, 6, 0.000),
	(2129, 'PED-1777390698818', 181, 1, 0.000),
	(2130, 'PED-1777390698818', 180, 0, 2.000),
	(2131, 'PED-1777390698818', 178, 1, 0.000),
	(2132, 'PED-1777390698818', 177, 2, 0.000),
	(2133, 'PED-1777390698818', 148, 0, 20.000),
	(2134, 'PED-1777390698818', 120, 0, 60.000),
	(2135, 'PED-1777390698818', 117, 0, 60.000),
	(2136, 'PED-1777390698818', 61, 0, 15.000),
	(2137, 'PED-1777390698818', 57, 0, 20.000),
	(2138, 'PED-1777390698818', 56, 0, 60.000),
	(2139, 'PED-1777390698818', 55, 0, 60.000),
	(2140, 'PED-1777390698818', 53, 0, 60.000),
	(2141, 'PED-1777390698818', 52, 0, 50.000),
	(2142, 'PED-1777390698818', 51, 0, 20.000),
	(2143, 'PED-1777390698818', 50, 0, 15.000),
	(2144, 'PED-1777390698818', 129, 0, 10.000),
	(2145, 'PED-1777390698818', 128, 0, 30.000),
	(2146, 'PED-1777390698818', 127, 1, 10.000),
	(2147, 'PED-1777390698818', 126, 2, 40.000),
	(2148, 'PED-1777390698818', 125, 0, 50.000),
	(2149, 'PED-1777390698818', 124, 0, 5.000),
	(2150, 'PED-1777390698818', 106, 0, 30.000),
	(2151, 'PED-1777390698818', 105, 0, 20.000),
	(2152, 'PED-1777390698818', 101, 0, 40.000),
	(2153, 'PED-1777390698818', 43, 0, 15.000),
	(2154, 'PED-1777390698818', 42, 0, 50.000),
	(2155, 'PED-1777390698818', 41, 0, 15.000),
	(2156, 'PED-1777390698818', 39, 0, 30.000),
	(2157, 'PED-1777390698818', 38, 0, 50.000),
	(2158, 'PED-1777390698818', 37, 0, 20.000),
	(2159, 'PED-1777390698818', 33, 0, 5.000),
	(2160, 'PED-1777458847525', 26, 0, 20.000),
	(2161, 'PED-1777458847525', 148, 0, 80.000),
	(2162, 'PED-1777458847525', 119, 0, 30.000),
	(2163, 'PED-1777458847525', 118, 0, 10.000),
	(2164, 'PED-1777458847525', 61, 0, 5.000),
	(2165, 'PED-1777458847525', 57, 0, 30.000),
	(2166, 'PED-1777458847525', 56, 0, 100.000),
	(2167, 'PED-1777458847525', 55, 0, 30.000),
	(2168, 'PED-1777458847525', 54, 0, 10.000),
	(2169, 'PED-1777458847525', 53, 0, 100.000),
	(2170, 'PED-1777458847525', 52, 0, 50.000),
	(2171, 'PED-1777458847525', 50, 0, 5.000),
	(2172, 'PED-1777458847525', 127, 0, 10.000),
	(2173, 'PED-1777458847525', 109, 0, 10.000),
	(2174, 'PED-1777458847525', 124, 0, 10.000),
	(2175, 'PED-1777458847525', 106, 0, 10.000),
	(2176, 'PED-1777458847525', 101, 0, 30.000),
	(2177, 'PED-1777458847525', 46, 0, 5.000),
	(2178, 'PED-1777458847525', 45, 0, 5.000),
	(2179, 'PED-1777458847525', 43, 0, 8.000),
	(2180, 'PED-1777458847525', 42, 0, 75.000),
	(2181, 'PED-1777458847525', 38, 0, 75.000),
	(2182, 'PED-1777458847525', 37, 0, 20.000),
	(2183, 'PED-1777458847525', 33, 0, 8.000);

-- Volcando datos para la tabla cdf_crm.pedidos_sucursales: ~27 rows (aproximadamente)
REPLACE INTO `pedidos_sucursales` (`id_pedido`, `codigo_pedido`, `id_sucursal`, `fecha_pedido`, `estado`) VALUES
	('PED-1776165180417', 'PED-1776165180417', 2, '2026-04-14 03:00:00', 'Enviado'),
	('PED-1776166239217', 'PED-1776166239217', 3, '2026-04-14 03:00:00', 'Enviado'),
	('PED-1776171799356', 'PED-1776171799356', 4, '2026-04-14 03:00:00', 'Enviado'),
	('PED-1776176072044', 'PED-1776176072044', 5, '2026-04-14 03:00:00', 'Enviado'),
	('PED-1776178468198', 'PED-1776178468198', 6, '2026-04-14 03:00:00', 'Enviado'),
	('PED-1776425150850', 'PED-1776425150850', 3, '2026-04-17 03:00:00', 'Enviado'),
	('PED-1776426568386', 'PED-1776426568386', 6, '2026-04-17 03:00:00', 'Enviado'),
	('PED-1776426718078', 'PED-1776426718078', 2, '2026-04-17 03:00:00', 'Enviado'),
	('PED-1776429354408', 'PED-1776429354408', 4, '2026-04-17 03:00:00', 'Enviado'),
	('PED-1776439114587', 'PED-1776439114587', 5, '2026-04-17 03:00:00', 'Enviado'),
	('PED-1776770007789', 'PED-1776770007789', 4, '2026-04-21 03:00:00', 'Enviado'),
	('PED-1776775834835', 'PED-1776775834835', 3, '2026-04-21 03:00:00', 'Enviado'),
	('PED-1776780912989', 'PED-1776780912989', 2, '2026-04-21 03:00:00', 'Enviado'),
	('PED-1776781730897', 'PED-1776781730897', 6, '2026-04-21 03:00:00', 'Enviado'),
	('PED-1776782622478', 'PED-1776782622478', 5, '2026-04-21 03:00:00', 'Enviado'),
	('PED-1776959861730', 'PED-1776959861730', 2, '2026-04-23 03:00:00', 'Enviado'),
	('PED-1777029929738', 'PED-1777029929738', 4, '2026-04-24 03:00:00', 'Enviado'),
	('PED-1777030055110', 'PED-1777030055110', 2, '2026-04-24 03:00:00', 'Enviado'),
	('PED-1777031905388', 'PED-1777031905388', 3, '2026-04-24 03:00:00', 'Enviado'),
	('PED-1777051847213', 'PED-1777051847213', 5, '2026-04-24 03:00:00', 'Enviado'),
	('PED-1777296862349', 'PED-1777296862349', 7, '2026-04-27 03:00:00', 'Enviado'),
	('PED-1777373510505', 'PED-1777373510505', 2, '2026-04-28 03:00:00', 'Despachado'),
	('PED-1777374815574', 'PED-1777374815574', 4, '2026-04-28 03:00:00', 'Despachado'),
	('PED-1777385852629', 'PED-1777385852629', 6, '2026-04-28 03:00:00', 'Despachado'),
	('PED-1777390576343', 'PED-1777390576343', 5, '2026-04-28 03:00:00', 'Despachado'),
	('PED-1777390698818', 'PED-1777390698818', 3, '2026-04-28 03:00:00', 'Despachado'),
	('PED-1777458847525', 'PED-1777458847525', 7, '2026-04-29 03:00:00', 'Despachado');

-- Volcando datos para la tabla cdf_crm.preparacion_pedidos: ~102 rows (aproximadamente)
REPLACE INTO `preparacion_pedidos` (`id`, `codigo_de_pedido`, `codigo_producto`, `cantidad_piezas_pedida`, `cantidad_fracciones_pedidas`, `peso_piezas_preparadas`, `peso_fracciones_preparadas`, `cantidad_bolsitas_preparadas`, `timestamp`) VALUES
	(1, 'PED-1776166239217', '2422', 0, 250, 0.000, 3.750, 17, '2026-04-26 22:24:34'),
	(2, 'PED-1776166239217', '1218', 0, 50, 0.000, 8.750, 45, '2026-04-26 22:39:35'),
	(3, 'PED-1777051847213', '5052', 0, 20, 0.000, 2.000, 18, '2026-04-27 10:54:52'),
	(4, 'PED-1777296862349', '2435', 1, 0, 3.300, 0.000, 0, '2026-04-27 14:41:24'),
	(5, 'PED-1777296862349', '1806', 0, 5, 0.000, 1.155, 5, '2026-04-27 14:42:40'),
	(6, 'PED-1777296862349', '5915', 0, 5, 0.000, 1.035, 5, '2026-04-27 14:45:55'),
	(7, 'PED-1777296862349', '5075', 0, 12, 0.000, 1.680, 12, '2026-04-27 14:47:58'),
	(8, 'PED-1777296862349', '5076', 0, 12, 0.000, 1.765, 12, '2026-04-27 14:48:54'),
	(9, 'PED-1777296862349', '1922', 0, 50, 0.000, 14.220, 32, '2026-04-27 14:57:16'),
	(10, 'PED-1777296862349', '2379', 0, 50, 0.000, 19.180, 50, '2026-04-27 15:01:31'),
	(11, 'PED-1777296862349', '2190', 0, 30, 0.000, 6.680, 30, '2026-04-27 15:03:40'),
	(12, 'PED-1777296862349', '3755', 0, 40, 0.000, 6.905, 40, '2026-04-27 15:08:03'),
	(13, 'PED-1777296862349', '5409', 0, 20, 0.000, 2.475, 19, '2026-04-27 15:26:59'),
	(14, 'PED-1777390698866', '2379', 0, 14, 0.000, 5.180, 14, '2026-04-28 17:48:43'),
	(15, 'PED-1777373510505', '1922', 0, 40, 0.000, 15.210, 40, '2026-04-29 10:25:09'),
	(16, 'PED-1777373510505', '3781', 0, 30, 0.000, 4.915, 30, '2026-04-29 10:52:53'),
	(17, 'PED-1777373510505', '3755', 0, 35, 0.000, 5.810, 35, '2026-04-29 10:59:27'),
	(18, 'PED-1777373510505', '7718', 0, 13, 0.000, 4.885, 13, '2026-04-29 11:04:56'),
	(19, 'PED-1777373510505', '5915', 0, 10, 0.000, 0.975, 5, '2026-04-29 11:13:17'),
	(20, 'PED-1777373510505', '1806', 0, 15, 0.000, 1.445, 7, '2026-04-29 11:21:08'),
	(21, 'PED-1777373510505', '8974', 0, 5, 0.000, 0.560, 5, '2026-04-29 11:22:26'),
	(22, 'PED-1777373510505', '2914', 0, 30, 0.000, 1.775, 7, '2026-04-29 11:24:12'),
	(23, 'PED-1777373510505', '5409', 0, 10, 0.000, 1.280, 10, '2026-04-29 11:35:00'),
	(24, 'PED-1777373510505', '2250', 0, 30, 0.000, 5.410, 30, '2026-04-29 11:37:43'),
	(25, 'PED-1777373510505', '2435', 0, 40, 0.000, 8.690, 40, '2026-04-29 11:43:07'),
	(26, 'PED-1777373510505', '2379', 0, 55, 0.000, 21.250, 55, '2026-04-29 11:49:24'),
	(27, 'PED-1777373510505', '6055', 0, 42, 0.000, 3.215, 20, '2026-04-29 11:55:00'),
	(28, 'PED-1777373510505', '6598', 0, 15, 0.000, 1.970, 15, '2026-04-29 11:55:52'),
	(29, 'PED-1777390576343', '2190', 0, 7, 0.000, 1.480, 7, '2026-04-29 12:05:07'),
	(30, 'PED-1777390576343', '3781', 0, 40, 0.000, 5.285, 31, '2026-04-29 12:25:00'),
	(31, 'PED-1777390576343', '3755', 0, 40, 0.000, 6.905, 40, '2026-04-29 12:30:35'),
	(32, 'PED-1777390576343', '3755', 0, 40, 0.000, 6.905, 40, '2026-04-29 12:30:44'),
	(33, 'PED-1777390576343', '1922', 0, 60, 0.000, 24.260, 60, '2026-04-29 12:35:44'),
	(34, 'PED-1777390576343', '7105', 0, 5, 0.000, 0.780, 5, '2026-04-29 12:38:26'),
	(35, 'PED-1777390576343', '8663', 0, 30, 0.000, 1.285, 9, '2026-04-29 12:40:49'),
	(36, 'PED-1777390576343', '6598', 0, 20, 0.000, 2.470, 20, '2026-04-29 12:44:17'),
	(37, 'PED-1777390576343', '5409', 0, 10, 0.000, 1.240, 10, '2026-04-29 12:52:28'),
	(38, 'PED-1777390576343', '6572', 0, 15, 0.000, 2.145, 15, '2026-04-29 12:55:45'),
	(39, 'PED-1777390576343', '6442', 0, 10, 0.000, 1.880, 10, '2026-04-29 12:59:17'),
	(40, 'PED-1777390576343', '7718', 0, 15, 0.000, 5.575, 15, '2026-04-29 13:01:47'),
	(41, 'PED-1777390576343', '4116', 0, 25, 0.000, 3.275, 25, '2026-04-29 13:04:47'),
	(42, 'PED-1777390576343', '8010', 0, 60, 0.000, 9.265, 60, '2026-04-29 13:15:17'),
	(43, 'PED-1777390576343', '4787', 0, 40, 0.000, 7.850, 40, '2026-04-29 13:25:30'),
	(44, 'PED-1777390576343', '1218', 0, 30, 0.000, 4.830, 30, '2026-04-29 13:29:05'),
	(45, 'PED-1777390576343', '2435', 0, 70, 0.000, 14.535, 70, '2026-04-29 13:35:02'),
	(46, 'PED-1777390576343', '2379', 0, 70, 0.000, 22.180, 60, '2026-04-29 13:41:25'),
	(47, 'PED-1777374815574', '8010', 0, 50, 0.000, 7.560, 50, '2026-04-29 13:45:55'),
	(48, 'PED-1777374815574', '1218', 0, 45, 0.000, 7.125, 45, '2026-04-29 13:49:42'),
	(49, 'PED-1777374815574', '2435', 0, 45, 0.000, 6.750, 45, '2026-04-29 14:01:56'),
	(50, 'PED-1777374815574', '2379', 0, 40, 0.000, 15.090, 40, '2026-04-29 14:05:12'),
	(51, 'PED-1777374815574', '3755', 0, 35, 0.000, 6.010, 35, '2026-04-29 14:09:07'),
	(52, 'PED-1777374815574', '4116', 0, 12, 0.000, 1.655, 12, '2026-04-29 14:10:17'),
	(53, 'PED-1777374815574', '4787', 0, 35, 0.000, 5.305, 28, '2026-04-29 14:13:35'),
	(54, 'PED-1777390698818', '2435', 0, 60, 0.000, 9.135, 60, '2026-04-29 14:20:28'),
	(55, 'PED-1777390698818', '4116', 0, 30, 0.000, 4.170, 30, '2026-04-29 14:22:39'),
	(56, 'PED-1777390698818', '1922', 0, 20, 0.000, 7.825, 20, '2026-04-29 14:25:41'),
	(57, 'PED-1777390698818', '4787', 0, 50, 0.000, 9.490, 50, '2026-04-29 14:27:42'),
	(58, 'PED-1777390698818', '3755', 0, 50, 0.000, 8.435, 50, '2026-04-29 14:30:04'),
	(59, 'PED-1777390698818', '8010', 0, 60, 0.000, 9.120, 60, '2026-04-29 14:32:45'),
	(60, 'PED-1777390698818', '2379', 0, 50, 0.000, 17.890, 50, '2026-04-29 14:36:20'),
	(61, 'PED-1777385852629', '2379', 0, 20, 0.000, 7.475, 20, '2026-04-29 14:43:07'),
	(62, 'PED-1777385852629', '4787', 0, 60, 0.000, 11.775, 60, '2026-04-29 14:44:38'),
	(63, 'PED-1777385852629', '3755', 0, 50, 0.000, 10.230, 60, '2026-04-29 14:48:43'),
	(64, 'PED-1777385852629', '2435', 0, 60, 0.000, 11.955, 60, '2026-04-29 14:53:53'),
	(65, 'PED-1777385852629', '8010', 0, 60, 0.000, 9.220, 60, '2026-04-29 14:57:21'),
	(66, 'PED-1777385852629', '1922', 0, 30, 0.000, 13.050, 30, '2026-04-29 14:59:47'),
	(67, 'PED-1777385852629', '2264', 0, 30, 0.000, 4.585, 29, '2026-04-29 15:03:24'),
	(68, 'PED-1777385852629', '8016', 0, 10, 0.000, 1.350, 10, '2026-04-29 15:04:53'),
	(69, 'PED-1777385852629', '2250', 0, 30, 0.000, 5.570, 30, '2026-04-29 15:09:01'),
	(70, 'PED-1777385852629', '7700', 0, 20, 0.000, 3.815, 20, '2026-04-29 15:11:43'),
	(71, 'PED-1777385852629', '8974', 0, 10, 0.000, 1.125, 10, '2026-04-29 15:14:51'),
	(72, 'PED-1777385852629', '4116', 0, 25, 0.000, 2.680, 21, '2026-04-29 15:16:55'),
	(73, 'PED-1777385852629', '5446', 0, 30, 0.000, 4.850, 30, '2026-04-29 15:19:26'),
	(74, 'PED-1777385852629', '6598', 0, 30, 0.000, 3.705, 29, '2026-04-29 15:22:00'),
	(75, 'PED-1777385852629', '2254', 0, 40, 0.000, 8.050, 40, '2026-04-29 15:25:46'),
	(76, 'PED-1777385852629', '2925', 0, 10, 0.000, 1.480, 10, '2026-04-29 15:28:46'),
	(77, 'PED-1777385852629', '6442', 0, 10, 0.000, 1.710, 10, '2026-04-29 15:30:43'),
	(78, 'PED-1777385852629', '6572', 0, 20, 0.000, 2.940, 20, '2026-04-29 15:31:35'),
	(79, 'PED-1777385852629', '7105', 0, 15, 0.000, 2.610, 15, '2026-04-29 15:36:00'),
	(80, 'PED-1777458847525', '7718', 0, 20, 0.000, 6.545, 17, '2026-04-29 15:57:11'),
	(81, 'PED-1777458847525', '1922', 0, 80, 0.000, 6.795, 17, '2026-04-29 15:59:32'),
	(82, 'PED-1777458847525', '7105', 0, 5, 0.000, 1.175, 7, '2026-04-29 16:10:30'),
	(83, 'PED-1777458847525', '2190', 0, 30, 0.000, 6.170, 30, '2026-04-29 16:13:06'),
	(84, 'PED-1777458847525', '8010', 0, 100, 0.000, 15.730, 100, '2026-04-29 16:18:35'),
	(85, 'PED-1777458847525', '1218', 0, 30, 0.000, 4.935, 30, '2026-04-29 16:20:50'),
	(86, 'PED-1777458847525', '2435', 0, 100, 0.000, 9.270, 49, '2026-04-29 16:23:53'),
	(87, 'PED-1777458847525', '6442', 0, 5, 0.000, 0.875, 5, '2026-04-29 16:27:16'),
	(88, 'PED-1777458847525', '2925', 0, 10, 0.000, 1.260, 10, '2026-04-29 16:28:42'),
	(89, 'PED-1777458847525', '8016', 0, 10, 0.000, 1.415, 10, '2026-04-29 16:30:18'),
	(90, 'PED-1777458847525', '2250', 0, 10, 0.000, 1.885, 10, '2026-04-29 16:30:58'),
	(91, 'PED-1777458847525', '2254', 0, 30, 0.000, 5.865, 30, '2026-04-29 16:32:28'),
	(92, 'PED-1777458847525', '6598', 0, 8, 0.000, 1.115, 8, '2026-04-29 16:34:11'),
	(93, 'PED-1777458847525', '4787', 0, 75, 0.000, 17.720, 75, '2026-04-29 16:37:38'),
	(94, 'PED-1777458847525', '3755', 0, 75, 0.000, 12.685, 75, '2026-04-29 16:40:58'),
	(95, 'PED-1777458847525', '7700', 20, 0, 0.000, 4.060, 20, '2026-04-29 16:42:49'),
	(96, 'PED-1777458847525', '8974', 8, 0, 0.000, 0.775, 7, '2026-04-29 16:44:19'),
	(97, 'PED-1777458847525', '4898', 0, 5, 0.000, 0.625, 5, '2026-04-29 16:47:39'),
	(98, 'PED-1777458847525', '4998', 0, 5, 0.000, 0.685, 5, '2026-04-29 16:50:05'),
	(99, 'PED-1777458847525', '2266', 0, 10, 0.000, 1.080, 9, '2026-04-29 16:55:46'),
	(100, 'PED-1777458847525', '2379', 0, 50, 0.000, 18.230, 48, '2026-04-29 17:09:15'),
	(101, 'PED-1777458847525', '2379', 0, 50, 0.000, 18.230, 48, '2026-04-29 17:09:42'),
	(102, 'PED-1777458847525', '2379', 0, 50, 0.000, 18.230, 48, '2026-04-29 17:09:49');

-- Volcando datos para la tabla cdf_crm.produccion_feteados: ~54 rows (aproximadamente)
REPLACE INTO `produccion_feteados` (`id_feteado`, `codigo_producto`, `peso_bruto`, `peso_decomiso`, `peso_recorte`, `peso_feteado`, `cantidad_bolsitas`, `feteador`, `fecha`) VALUES
	(3, '8010', 3.750, 0.200, 0.380, 3.170, 18, 'Juan', '2026-04-26 12:33:54'),
	(4, '8010', 3.780, 0.150, 0.350, 3.280, 18, 'Juan', '2026-04-26 12:37:48'),
	(5, '3755', 3.850, 0.170, 0.300, 3.380, 19, 'Juan', '2026-04-26 12:39:16'),
	(6, '3755', 3.650, 0.100, 0.320, 3.230, 19, 'Juan', '2026-04-26 12:39:59'),
	(7, '1218', 2.950, 0.175, 0.285, 2.490, 15, 'Juan', '2026-04-26 12:46:28'),
	(8, '3755', 3.750, 0.125, 0.320, 3.305, 17, 'Ulises', '2026-04-26 13:54:27'),
	(9, '1866', 1.800, 0.085, 0.125, 1.590, 15, 'Edgar', '2026-04-26 21:14:16'),
	(10, '5052', 3.710, 0.150, 0.380, 3.180, 15, 'Juan', '2026-04-27 02:22:56'),
	(11, '2435', 3.506, 0.550, 0.145, 2.811, 23, 'Juan', '2026-04-27 11:15:01'),
	(12, '2435', 3.565, 0.030, 0.210, 3.325, 25, 'Juan', '2026-04-27 11:30:03'),
	(13, '2190', 15.875, 0.065, 0.000, 15.810, 88, 'Mauricio', '2026-04-27 11:41:36'),
	(14, '2435', 10.657, 0.060, 0.490, 10.107, 69, 'Juan', '2026-04-27 12:07:46'),
	(15, '2435', 10.820, 0.160, 0.530, 10.130, 60, 'Juan', '2026-04-27 12:27:00'),
	(16, '2379', 22.270, 0.000, 0.000, 22.270, 60, 'Mauricio', '2026-04-27 12:42:48'),
	(17, '8010', 17.580, 0.100, 0.345, 17.135, 116, 'Ulises', '2026-04-27 12:55:27'),
	(18, '2435', 11.075, 0.100, 0.548, 10.427, 45, 'Juan', '2026-04-27 12:56:24'),
	(19, '3755', 17.660, 0.155, 0.800, 16.705, 101, 'Juan', '2026-04-27 13:41:58'),
	(20, '3755', 6.020, 0.090, 0.465, 5.465, 28, 'Juan', '2026-04-27 14:03:24'),
	(21, '2379', 21.860, 0.000, 0.000, 21.860, 60, 'Mauricio', '2026-04-27 14:04:18'),
	(22, '8010', 7.065, 0.050, 0.215, 6.800, 47, 'Ulises', '2026-04-27 14:08:08'),
	(23, '1922', 7.605, 0.000, 0.000, 7.605, 16, 'Ulises', '2026-04-27 17:01:02'),
	(24, '8010', 7.070, 0.050, 0.195, 6.825, 45, 'Ulises', '2026-04-27 17:10:41'),
	(25, '6442', 4.995, 0.120, 0.000, 4.875, 29, 'Mauricio', '2026-04-27 17:25:09'),
	(26, '3755', 12.030, 0.105, 0.695, 11.230, 69, 'Juan', '2026-04-27 17:26:30'),
	(27, '2379', 22.490, 0.000, 0.000, 22.490, 60, 'Mauricio', '2026-04-28 11:26:32'),
	(28, '8010', 17.660, 0.085, 0.390, 17.185, 113, 'Ulises', '2026-04-28 11:52:12'),
	(29, '3755', 24.080, 0.175, 1.335, 22.570, 138, 'Juan', '2026-04-28 11:56:27'),
	(30, '1922', 20.480, 0.000, 0.000, 20.480, 49, 'Mauricio', '2026-04-28 12:37:13'),
	(31, '3755', 11.585, 0.080, 0.735, 10.770, 65, 'Juan', '2026-04-28 12:56:06'),
	(32, '8010', 17.640, 0.085, 0.440, 17.115, 122, 'Ulises', '2026-04-28 13:16:41'),
	(33, '3781', 10.745, 0.090, 0.490, 10.165, 61, 'Juan', '2026-04-28 15:18:12'),
	(34, '1922', 19.230, 0.000, 0.000, 19.230, 51, 'Mauricio', '2026-04-28 15:18:28'),
	(35, '8016', 2.435, 0.040, 0.290, 2.105, 15, 'Juan', '2026-04-28 15:19:22'),
	(36, '2925', 4.830, 0.050, 0.295, 4.485, 36, 'Juan', '2026-04-28 15:20:33'),
	(37, '1218', 21.130, 0.200, 0.540, 20.390, 132, 'Ulises', '2026-04-28 15:45:13'),
	(38, '4787', 23.500, 0.215, 1.355, 21.930, 118, 'Juan', '2026-04-28 16:09:41'),
	(39, '1922', 19.370, 0.000, 0.000, 19.370, 52, 'Mauricio', '2026-04-28 16:18:50'),
	(40, '6572', 20.930, 0.115, 0.540, 20.275, 145, 'Ulises', '2026-04-28 17:15:17'),
	(41, '7700', 11.670, 0.135, 0.955, 10.580, 59, 'Juan', '2026-04-28 17:42:59'),
	(42, '2250', 13.630, 0.200, 0.800, 12.630, 74, 'Ulises', '2026-04-29 11:10:22'),
	(43, '5446', 9.765, 0.115, 0.900, 8.750, 55, 'Juan', '2026-04-29 11:14:36'),
	(44, '6055', 3.280, 0.055, 0.120, 3.105, 20, 'Ulises', '2026-04-29 11:29:59'),
	(45, '4116', 12.185, 0.320, 0.670, 11.195, 88, 'Juan', '2026-04-29 12:42:35'),
	(46, '2254', 24.210, 0.200, 1.535, 22.475, 118, 'Repo-Paladini', '2026-04-29 13:14:30'),
	(47, '2250', 13.610, 0.195, 1.050, 12.365, 68, 'Repo-Paladini', '2026-04-29 13:39:14'),
	(48, '4787', 11.940, 0.060, 0.785, 11.095, 58, 'Juan', '2026-04-29 13:49:38'),
	(49, '4787', 12.000, 0.185, 0.620, 11.195, 59, 'Juan', '2026-04-29 14:16:18'),
	(50, '2264', 4.715, 0.160, 0.155, 4.400, 29, 'Repo-Paladini', '2026-04-29 14:51:39'),
	(51, '6598', 11.790, 0.200, 0.665, 10.925, 87, 'Ulises', '2026-04-29 15:33:58'),
	(52, '2379', 17.890, 0.000, 0.000, 17.890, 52, 'Ulises', '2026-04-29 15:58:58'),
	(53, '4787', 23.870, 0.365, 1.610, 21.895, 96, 'Repo-Jotabe', '2026-04-29 16:00:13'),
	(54, '4116', 12.120, 0.385, 0.490, 11.245, 72, 'Repo-Jotabe', '2026-04-29 16:00:19'),
	(55, '2435', 19.875, 0.340, 1.030, 18.505, 102, 'Repo-Jotabe', '2026-04-29 16:14:20'),
	(56, '2379', 17.960, 0.000, 0.000, 17.960, 48, 'Ulises', '2026-04-29 17:04:56');

-- Volcando datos para la tabla cdf_crm.productos: ~208 rows (aproximadamente)
REPLACE INTO `productos` (`id_producto`, `codigo_interno`, `descripcion`, `categoria`, `stock`, `codigo_proveedor`) VALUES
	(1, '3102', 'FIAM CANCIANI SALAME BASTON X KG', 'FIAM', 0.000, NULL),
	(2, '2257', 'FIAM MAGRET JAMON CRUDO XKG', 'FIAM', 0.000, NULL),
	(3, '9842', 'FIQU ALLOA AHUMADO HORMA X KG', 'FIQU', 0.000, NULL),
	(4, '2905', 'FIQU ALLOA AJO Y PIMIENTA HORMA X KG', 'FIQU', 0.000, NULL),
	(5, '8813', 'FIQU ALLOA ARABE HORMA XKG', 'FIQU', 0.000, NULL),
	(6, '3841', 'FIQU ALLOA AZUL AHUMADO XKG', 'FIQU', 0.000, NULL),
	(7, '5221', 'FIQU ALLOA AZUL MALBEC  XKG', 'FIQU', 0.000, NULL),
	(8, '3782', 'FIQU ALLOA AZUL XKG', 'FIQU', 0.000, NULL),
	(9, '3865', 'FIQU ALLOA GORGONZOLA XKG', 'FIQU', 0.000, NULL),
	(10, '8375', 'FIQU ALLOA PESTO HORMA XKG', 'FIQU', 0.000, NULL),
	(11, '6878', 'FIAM C.AUSTRAL JAM COCIDO X KG.', 'FIAM', 0.000, NULL),
	(12, '6910', 'FIAM C.AUSTRAL PALETA DE CERDO X KG', 'FIAM', 0.000, NULL),
	(13, '6925', 'FIAM C.AUSTRAL PEPPERONI X KG', 'FIAM', 0.000, NULL),
	(14, '6951', 'FIAM C.AUSTRAL SALAME MILAN X KG', 'FIAM', 0.000, NULL),
	(15, '662269', 'ADER KANSAS BARBACOA 455X', 'ADER', 0.000, NULL),
	(16, '666047', 'ADER KANSAS HONEY MUSTARD 280X', 'ADER', 0.000, NULL),
	(17, '662270', 'ADER KANSAS HONEY MUSTARD 410X', 'ADER', 0.000, NULL),
	(18, '666045', 'ADER KANSAS AIOLI SAUCE 265X', 'ADER', 0.000, NULL),
	(19, '665887', 'ADER KANSAS CAESAR 370X', 'ADER', 0.000, NULL),
	(20, '666046', 'ADER KANSAS BARBACOA 295X', 'ADER', 0.000, NULL),
	(21, '662273', 'ADER KANSAS AMERICAN KETCHUP 465X', 'ADER', 0.000, NULL),
	(22, '666050', 'ADER KANSAS CHIMICHURRI 280X', 'ADER', 0.000, NULL),
	(23, '666052', 'ADER KANSAS KETCHUP 295X', 'ADER', 0.000, NULL),
	(24, '666048', 'ADER KANSAS VINAGRETA 270X', 'ADER', 0.000, NULL),
	(25, '666043', 'ADER KANSAS CAESAR 260X', 'ADER', 0.000, NULL),
	(26, '7718', 'FIAM PICADITAS X KG', 'FIAM', 0.000, NULL),
	(27, '665121', 'FIAM CAGNOLI ATM SALAMIN AHUMADO 145X', 'FIAM', 0.000, NULL),
	(28, '660503', 'FIAM CAGNOLI ATM SALAMIN FINO', 'FIAM', 0.000, NULL),
	(29, '660502', 'FIAM CAGNOLI ATM SALAMIN GRUESO', 'FIAM', 0.000, NULL),
	(30, '665120', 'FIAM CAGNOLI ATM SALAMIN PICANTE 145X', 'FIAM', 0.000, NULL),
	(31, '664487', 'FIAM CAGNOLI ATM SOPRESATTA 135X', 'FIAM', 0.000, NULL),
	(32, '666337', 'FIAM CAGNOLI ATM SALAMIN EPECIADO 145X', 'FIAM', 0.000, NULL),
	(33, '8974', 'FIAM CAGNOLI BONDIOLA', 'FIAM', 0.000, NULL),
	(34, '5915', 'FIAM CAGNOLI CHORIZO ESPANIOL X KG', 'FIAM', 0.000, NULL),
	(35, '6436', 'FIAM CAGNOLI FUET SERRANO SALAMIN 150X', 'FIAM', 0.000, NULL),
	(36, '6406', 'FIAM CAGNOLI FUET TANDIL SALAMIN 150X', 'FIAM', 0.000, NULL),
	(37, '7700', 'FIAM CAGNOLI JAM COCIDO C.LENTA 5.5X', 'FIAM', 0.000, NULL),
	(38, '3755', 'FIAM CAGNOLI JAM COCIDO. X KG', 'FIAM', 0.000, NULL),
	(39, '4116', 'FIAM CAGNOLI MILAN X KG', 'FIAM', 0.000, NULL),
	(40, '664379', 'FIAM CAGNOLI MORTADELA C/PISTA  250X', 'FIAM', 0.000, NULL),
	(41, '5446', 'FIAM CAGNOLI MORTADELA x KG', 'FIAM', 0.000, NULL),
	(42, '4787', 'FIAM CAGNOLI PALETA CERDO X KG', 'FIAM', 0.000, NULL),
	(43, '6598', 'FIAM CAGNOLI PANCETA AHUM X KG', 'FIAM', 0.000, NULL),
	(44, '5045', 'FIAM CAGNOLI PEPPERONI X KG', 'FIAM', 0.000, NULL),
	(45, '4898', 'FIAM CAGNOLI SALAME BAST P/F  X KG', 'FIAM', 0.000, NULL),
	(46, '4998', 'FIAM CAGNOLI SALAME BAST P/G X KG', 'FIAM', 0.000, NULL),
	(47, '1541', 'FIAM CAGNOLI SALAMIN P/F x KG', 'FIAM', 0.000, NULL),
	(48, '1806', 'FIAM CAGNOLI SALAMIN P/G x KG', 'FIAM', 0.000, NULL),
	(49, '2831', 'FIQU LEGENDARIO SARDO X KG', 'FIQU', 0.000, NULL),
	(50, '6442', 'FIQU PAULINA AZUL X KG', 'FIQU', 0.000, NULL),
	(51, '6572', 'FIQU PAULINA CHEDDAR X KG', 'FIQU', 0.000, NULL),
	(52, '2379', 'FIQU PAULINA CREMOSO X KG', 'FIQU', 0.000, NULL),
	(53, '2435', 'FIQU PAULINA DAMBO X KG', 'FIQU', 0.000, NULL),
	(54, '2073', 'FIQU PAULINA GOUDA X KG', 'FIQU', 0.000, NULL),
	(55, '1218', 'FIQU PAULINA MUZZARELLA  P/FETEAR X KG', 'FIQU', 0.000, NULL),
	(56, '8010', 'FIQU PAULINA PAT. P/ SAND x KG', 'FIQU', 0.000, NULL),
	(57, '2190', 'FIQU PAULINA PATEGRAS X KG', 'FIQU', 0.000, NULL),
	(58, '4929', 'FIQU PAULINA PORT SALUT X KG', 'FIQU', 0.000, NULL),
	(59, '7770', 'FIQU PAULINA PROVOLONE PARRI X KG', 'FIQU', 0.000, NULL),
	(60, '5409', 'FIQU PAULINA REGGIANITO X KG', 'FIQU', 0.000, NULL),
	(61, '7105', 'FIQU PAULINA SARDO X KG', 'FIQU', 0.000, NULL),
	(62, '8663', 'INSU PAULINA TYBO X KG', 'INSU', 0.000, NULL),
	(63, '9475', 'FIQU RICREM CREMOSO X KG', 'FIQU', 0.000, NULL),
	(64, '9778', 'FIQU RICREM DANBO X KG', 'FIQU', 0.000, NULL),
	(65, '3740', 'FRAC CAGNOLI JAM COCIDO. XKG', 'FRAC', 0.000, NULL),
	(66, '2842', 'FRAC PAULINA CREMOSO X KG', 'FRAC', 0.000, NULL),
	(67, '3230', 'FIQU PAULINA CREMOSO DOBLE  CREM X KG', 'FIQU', 0.000, NULL),
	(68, '2910', 'FRAC PAULINA DAMBO X KG', 'FRAC', 0.000, NULL),
	(69, '3756', 'FRAC PAULINA PAT. P/ SAND x KG', 'FRAC', 0.000, NULL),
	(70, '2406', 'FRAC CAGNOLI PANCETA AHUM X KG', 'FRAC', 0.000, NULL),
	(71, '4027', 'FRAC PAULINA PATEGRAS X KG', 'FRAC', 0.000, NULL),
	(72, '1621', 'FRAC CAGNOLI MILAN X KG', 'FRAC', 0.000, NULL),
	(73, '2404', 'FRAC CAGNOLI PALETA CERDO X KG', 'FRAC', 0.000, NULL),
	(74, '1753', 'FRAC CAGNOLI MORTADELA x KG', 'FRAC', 0.000, NULL),
	(75, '3067', 'FRAC PAULINA MUZZARELLA  P/FETEAR X KG', 'FRAC', 0.000, NULL),
	(76, '1057', 'FRAC  CAGNOLI  BONDIOLA', 'FRAC', 0.000, NULL),
	(77, '1254', 'FRAC CAGNOLI JAM COCIDO C.LENTA 5.5X', 'FRAC', 0.000, NULL),
	(78, '2443', 'FRAC PAULINA AZUL X KG', 'FRAC', 0.000, NULL),
	(79, '3035', 'FRAC PAULINA GOUDA X KG', 'FRAC', 0.000, NULL),
	(80, '5952', 'FRAC PAULINA PORT SALUT X KG', 'FRAC', 0.000, NULL),
	(81, '2450', 'FRAC PAULINA CHEDDAR X KG', 'FRAC', 0.000, NULL),
	(82, '6179', 'FRAC PAULINA REGGIANITO X KG', 'FRAC', 0.000, NULL),
	(83, '6105', 'FRAC PAULINA PROVOLONE PARRI X KG', 'FRAC', 0.000, NULL),
	(84, '3365', 'FRAC PAULINA PARMESANO X KG', 'FRAC', 0.000, NULL),
	(85, '8657', 'FRAC PAULINA SARDO X KG', 'FRAC', 0.000, NULL),
	(86, '7165', 'FRAC PAULINA TYBO', 'FRAC', 0.000, NULL),
	(87, '7382', 'INSU CHACRA SALAME MILAN X KG', 'INSU', 0.000, NULL),
	(88, '4701', 'INSU FIAM SADIA JAMON COCIDO XKG', 'INSU', 0.000, NULL),
	(89, '5100', 'INSU FOX SALAME XKG', 'INSU', 0.000, NULL),
	(90, '3535', 'INSU SADIA PALETA X KG', 'INSU', 0.000, NULL),
	(91, '4192', 'LAFI VIENISSIMA SALCHI 6X225X', 'LAFI', 0.000, NULL),
	(92, '7654', 'LAFI ICB X6', 'LAFI', 0.000, NULL),
	(93, '657787', 'LAFI PATY CLASICA  6X225X', 'LAFI', 0.000, NULL),
	(94, '3864', 'LAFI PATY SALCH FUN CLAS 6X', 'LAFI', 0.000, NULL),
	(95, '665569', 'LAFI TRES CRUCES 12X', 'LAFI', 0.000, NULL),
	(96, '2400', 'LAFI PATY VIENA T/ALEMAN 4X', 'LAFI', 0.000, NULL),
	(97, '664639', 'LAFI VIENISSIMA PICANTE 6X230X', 'LAFI', 0.000, NULL),
	(98, '5920', 'FIAM LABRATTO LOMO COC X KG', 'FIAM', 0.000, NULL),
	(99, '3757', 'FIAM LABRATTO MORTADELA C/PIST X KG', 'FIAM', 0.000, NULL),
	(100, '2252', 'FIAM PALADINI BONDIOLA', 'FIAM', 0.000, NULL),
	(101, '2254', 'FIAM PALADINI JAM COCIDO', 'FIAM', 0.000, NULL),
	(102, '8085', 'FIAM PALADINI JAM COCIDO BAJO SODIO X KG.', 'FIAM', 0.000, NULL),
	(103, '2255', 'FIAM PALADINI JAMON CRUDO', 'FIAM', 0.000, NULL),
	(104, '4186', 'FIAM PALADINI LOMO COC x KG', 'FIAM', 0.000, NULL),
	(105, '2264', 'FIAM PALADINI MILAN', 'FIAM', 0.000, NULL),
	(106, '2250', 'FIAM PALADINI MORTADELA A/V', 'FIAM', 0.000, NULL),
	(107, '1816', 'FIAM PALADINI PALETA COC X KG', 'FIAM', 0.000, NULL),
	(108, '2265', 'FIAM PALADINI SALAMIN P/F', 'FIAM', 0.000, NULL),
	(109, '2266', 'FIAM PALADINI SALAMIN T/C', 'FIAM', 0.000, NULL),
	(110, '6253', 'FIAM PALADINI SALCH PRIMAV', 'FIAM', 0.000, NULL),
	(111, '5592', 'FIAM TIVOLI FIAMB P/ EMPAREDADO xKG', 'FIAM', 0.000, NULL),
	(112, '2496', 'FIAM TIVOLI MILAN x KG', 'FIAM', 0.000, NULL),
	(113, '2272', 'LAFI PALADINI SALCHICHA 6X', 'LAFI', 0.000, NULL),
	(114, '4318', 'FIQU TREGAR AZUL HORMA x KG', 'FIQU', 20.000, NULL),
	(115, '2422', 'FIQU TREGAR CREMOSO X KG', 'FIQU', 164.250, NULL),
	(116, '2424', 'FIQU TREGAR CRIOLLO X KG', 'FIQU', 16.440, NULL),
	(117, '2420', 'FIQU TREGAR DANBO X KG.', 'FIQU', 49.640, NULL),
	(118, '2427', 'FIQU TREGAR FONTINA X KG', 'FIQU', 0.000, NULL),
	(119, '2434', 'FIQU TREGAR HOLANDA X KG', 'FIQU', 8.780, NULL),
	(120, '2438', 'FIQU TREGAR MUZZARELLA BARRA X KG', 'FIQU', 0.000, NULL),
	(121, '2431', 'FIQU TREGAR PATEGRAS X KG', 'FIQU', 9.380, NULL),
	(122, '2441', 'FIQU TREGAR PORT SALUT DIET X KG', 'FIQU', 30.380, NULL),
	(123, '2440', 'FIQU TREGAR PORT SALUT X KG', 'FIQU', 31.980, NULL),
	(124, '8016', 'FIAM RECREO BONDIOLA X KG', 'FIAM', 0.000, NULL),
	(125, '2912', 'FIAM RECREO FIAMB COC PATA CERDO(405)', 'FIAM', 0.000, NULL),
	(126, '3781', 'FIAM RECREO JAM COCIDO X KG', 'FIAM', 0.000, NULL),
	(127, '2925', 'FIAM RECREO JAMON CRUDO', 'FIAM', 0.000, NULL),
	(128, '6152', 'FIAM RECREO MILAN X KG', 'FIAM', 0.000, NULL),
	(129, '2914', 'FIAM RECREO MORTADELA BOLG VEJ', 'FIAM', 0.000, NULL),
	(130, '3817', 'FIAM RECREO SALCHICHON PRIMAVERA', 'FIAM', 0.000, NULL),
	(131, '2919', 'INSU RECREO FIAMBRE PATA X KG', 'INSU', 0.000, NULL),
	(132, '5651', 'INSU RECREO PANCETA AHUMADA', 'INSU', 0.000, NULL),
	(133, '5933', 'FRAC RECREO SALCHICHON PRIMAVERA X KG', 'FRAC', 0.000, NULL),
	(134, '4695', 'FRAC RECREO MORTADELA BOLG VEJ X KG', 'FRAC', 0.000, NULL),
	(135, '2934', 'FRAC RECREO MILAN X KG', 'FRAC', 0.000, NULL),
	(136, '174', 'FRAC RECREO BONDIOLA X KG', 'FRAC', 0.000, NULL),
	(137, '1137', 'FRAC RECREO JAM COCIDO X KG', 'FRAC', 0.000, NULL),
	(138, '1068', 'FRAC RECREO FIAMB COC PATA CERDO(405)', 'FRAC', 0.000, NULL),
	(139, '2634', 'FRAC RECREO JAMON CRUDO X KG', 'FRAC', 0.000, NULL),
	(140, '2401', 'FIQU J.GRANDE HALLOUMI 370X', 'FIQU', 0.000, NULL),
	(141, '5934', 'FIQU AURORA CREMOSO X KG', 'FIQU', 0.000, NULL),
	(142, '4962', 'FIQU AURORA DANBO X KG', 'FIQU', 0.000, NULL),
	(143, '1061', 'FIQU AURORA MUZZARELLA CIL X KG', 'FIQU', 0.000, NULL),
	(144, '1856', 'FIQU AURORA MUZZARELLA P/FETEAR X KG', 'FIQU', 0.000, NULL),
	(145, '5900', 'INSU AURORA TYBO X KG', 'INSU', 0.000, NULL),
	(146, '2807', 'FIQU EL PRADO CREMOSO X KG.', 'FIQU', 0.000, NULL),
	(147, '660565', 'INSU AURORA MUZZA 10X', 'INSU', 0.000, NULL),
	(148, '1922', 'FIQU CREMON CREMOSO SERENISIMA X KG', 'FIQU', 0.000, NULL),
	(149, '4332', 'FIQU CREMON DOBLE SERENISIMA X KG', 'FIQU', 0.000, NULL),
	(150, '9254', 'FIQU CREMON LIGHT SERENISIMA X KG', 'FIQU', 0.000, NULL),
	(151, '1866', 'FIQU SERENISIMA CHEDDAR X KG', 'FIQU', 0.000, NULL),
	(152, '8654', 'FIQU SERENISIMA DANBO X KG', 'FIQU', 0.000, NULL),
	(153, '7765', 'FIQU SERENISIMA PATEGRAS X KG', 'FIQU', 0.000, NULL),
	(154, '5932', 'FIQU SERENISIMA PORT SALUT LIGHT S/LACT X KG', 'FIQU', 0.000, NULL),
	(155, '5950', 'FIQU SERENISIMA SARDO X KG', 'FIQU', 0.000, NULL),
	(156, '1321', 'FIQU BAVARIA AZUL X KG', 'FIQU', 0.000, NULL),
	(157, '7800', 'FIQU BAVARIA GRAND BLUE AZUL X KG', 'FIQU', 0.000, NULL),
	(158, '3949', 'FIQU MILKAUT CREMOSO X KG', 'FIQU', 0.000, NULL),
	(159, '3948', 'FIQU MILKAUT DANBO X KG', 'FIQU', 0.000, NULL),
	(160, '4792', 'FIQU MILKAUT MUZZARELLA X KG', 'FIQU', 0.000, NULL),
	(161, '1606', 'FIQU MILKAUT PATEGRAS X KG', 'FIQU', 0.000, NULL),
	(162, '3424', 'FIQU MILKAUT SARDO X KG', 'FIQU', 0.000, NULL),
	(163, '2240', 'FIQU SANTA ROSA AZUL X KG', 'FIQU', 0.000, NULL),
	(164, '3883', 'FIQU SANTA ROSA FONTINA RES X KG', 'FIQU', 0.000, NULL),
	(165, '3947', 'FIQU SANTA ROSA PATEGRAS SELECCION X KG', 'FIQU', 0.000, NULL),
	(166, '1492', 'FIQU SANTA ROSA PROVOLETA AHUM X KG', 'FIQU', 0.000, NULL),
	(167, '1000', 'FIQU SANTA ROSA PROVOLETA X KG', 'FIQU', 0.000, NULL),
	(168, '2825', 'FIQU SANTA ROSA PROVOLONE X KG', 'FIQU', 0.000, NULL),
	(169, '2260', 'FIQU SANTA ROSA SARDO X KG', 'FIQU', 0.000, NULL),
	(170, '660383', 'INSU CREMA MILKAUT SACHET 5X', 'INSU', 0.000, NULL),
	(171, '663826', 'INSU CREMA MILKAUT BALDE 5X', 'INSU', 0.000, NULL),
	(172, '660384', 'INSU QUESO CREMA CREMATTO  X3.5KG', 'INSU', 0.000, NULL),
	(173, '366', 'INSU DDL MILKAUT REPOS 10X', 'INSU', 0.000, NULL),
	(174, '6055', 'FIAM 66 MILAN', 'FIAM', 0.000, NULL),
	(175, '1611', 'FIAM LARIO BONDIOLA (122)', 'FIAM', 0.000, NULL),
	(176, '3491', 'FIAM LARIO FIAMB DE CERDO X KG', 'FIAM', 0.000, NULL),
	(177, '5052', 'FIAM LARIO JAM COCIDO X KG (119)', 'FIAM', 0.000, NULL),
	(178, '2381', 'FIAM LARIO JAMON CRUDO', 'FIAM', 0.000, NULL),
	(179, '3483', 'FIAM LARIO LOMO COC. NAT xKG', 'FIAM', 7.820, NULL),
	(180, '5072', 'FIAM LARIO MILAN FINO', 'FIAM', 7.820, NULL),
	(181, '5048', 'FIAM LARIO MORTADELA BOLOGNA', 'FIAM', 0.000, NULL),
	(182, '6309', 'FIAM LARIO QUESO DE CERDO', 'FIAM', 0.000, NULL),
	(183, '6011', 'FIAM LARIO SALAME BAST FINO', 'FIAM', 4.960, NULL),
	(184, '2374', 'FIAM LARIO SALAME BAST GRUESO', 'FIAM', 4.780, NULL),
	(185, '665933', 'FIAM LARIO SALAME T/ FUET AL PIMENTON 1X', 'FIAM', 0.000, NULL),
	(186, '5075', 'FIAM LARIO SALAMIN TAND P/F', 'FIAM', 0.000, NULL),
	(187, '5076', 'FIAM LARIO SALAMIN TAND P/G', 'FIAM', 0.000, NULL),
	(188, '2187', 'FIAM LARIO SALCHICHON PRIMAV', 'FIAM', 0.000, NULL),
	(189, '1617', 'FIAM RAFAELA JAM COCIDO  NAT X KG', 'FIAM', 0.000, NULL),
	(190, '2385', 'LAFI CARCARANA SALCHICHA 6X', 'LAFI', 0.000, NULL),
	(191, '658906', 'LAFI FRIAR SALCHICHA 190X', 'LAFI', 0.000, NULL),
	(192, '663759', 'LAFI FRIAR SALCHICHA LARGA 6X', 'LAFI', 0.000, NULL),
	(193, '7491', 'FIQU ILOLAY CREMOSO X KG', 'FIQU', 0.000, NULL),
	(194, '7633', 'FIQU ILOLAY PATEGRAS X KG', 'FIQU', 0.000, NULL),
	(195, '7798', 'FIQU ILOLAY TYBO X KG', 'FIQU', 0.000, NULL),
	(196, '3405', 'FIAM PALADINI CHORIZO ESPANIOL COL ORIENTA', 'FIAM', 0.000, NULL),
	(197, '666204', 'GRAS PALADINI D/CERDO 500X', 'GRAS', 0.000, NULL),
	(198, '664718', 'INSU MARGADAN  X 5KG', 'INSU', 0.000, NULL),
	(199, '666502', 'MANTECA TONADITA X5KG.', 'MANTECA', 0.000, NULL),
	(200, '665072', 'HUMM KYROS CLASICO 230X', 'HUMM', 0.000, NULL),
	(201, '665073', 'HUMM KYROS ACEITE OLIVA 230X', 'HUMM', 0.000, NULL),
	(202, '665075', 'HUMM KYROS C/AJO AHUMADO 230X', 'HUMM', 0.000, NULL),
	(203, '665076', 'HUMM KYROS REMOLACHA 230X', 'HUMM', 0.000, NULL),
	(204, '664951', 'FIQT ARRIVATA CAJA BURRATA ELITE 250X', 'FIQT', 0.000, NULL),
	(205, '664940', 'FIQT ARRIVATA BOCC. BUFALA 200X', 'FIQT', 0.000, NULL),
	(206, '664942', 'FIQT ARRIVATA BOCC.VACA  150X', 'FIQT', 0.000, NULL),
	(207, '5948', 'INSU PAULINA PARMESANO X KG', 'INSU', 0.000, NULL),
	(208, '667085', 'INSU PAULINA CREMA POUCH 5X', 'INSU', 0.000, NULL);

-- Volcando datos para la tabla cdf_crm.registro_produccion: ~0 rows (aproximadamente)

-- Volcando datos para la tabla cdf_crm.stock_a_decomiso: ~42 rows (aproximadamente)
REPLACE INTO `stock_a_decomiso` (`id`, `codigo`, `peso`, `motivo`) VALUES
	(1, '1218', 0.175, 'Feteado'),
	(2, '3755', 0.125, 'Feteado'),
	(3, '1866', 0.085, 'Feteado'),
	(4, '2435', 0.100, 'Feteado'),
	(5, '2435', 0.550, 'Feteado'),
	(6, '2435', 0.030, 'Feteado'),
	(7, '2190', 0.065, 'Feteado'),
	(8, '2435', 0.060, 'Feteado'),
	(9, '2435', 0.160, 'Feteado'),
	(10, '8010', 0.100, 'Feteado'),
	(11, '2435', 0.100, 'Feteado'),
	(12, '3755', 0.155, 'Feteado'),
	(13, '3755', 0.090, 'Feteado'),
	(14, '8010', 0.050, 'Feteado'),
	(15, '8010', 0.050, 'Feteado'),
	(16, '6442', 0.120, 'Feteado'),
	(17, '3755', 0.105, 'Feteado'),
	(18, '8010', 0.085, 'Feteado'),
	(19, '3755', 0.175, 'Feteado'),
	(20, '3755', 0.080, 'Feteado'),
	(21, '8010', 0.085, 'Feteado'),
	(22, '8016', 0.320, 'Mal Estado'),
	(23, '3781', 0.090, 'Feteado'),
	(24, '8016', 0.040, 'Feteado'),
	(25, '2925', 0.050, 'Feteado'),
	(26, '1218', 0.200, 'Feteado'),
	(27, '4787', 0.215, 'Feteado'),
	(28, '6572', 0.115, 'Feteado'),
	(29, '7700', 0.135, 'Feteado'),
	(30, '2250', 0.200, 'Feteado'),
	(31, '5446', 0.115, 'Feteado'),
	(32, '6055', 0.055, 'Feteado'),
	(33, '4116', 0.320, 'Feteado'),
	(34, '2254', 0.200, 'Feteado'),
	(35, '2250', 0.195, 'Feteado'),
	(36, '4787', 0.060, 'Feteado'),
	(37, '4787', 0.185, 'Feteado'),
	(38, '2264', 0.160, 'Feteado'),
	(39, '6598', 0.200, 'Feteado'),
	(40, '4787', 0.365, 'Feteado'),
	(41, '4116', 0.385, 'Feteado'),
	(42, '2435', 0.340, 'Feteado');

-- Volcando datos para la tabla cdf_crm.stock_a_fetear: ~21 rows (aproximadamente)
REPLACE INTO `stock_a_fetear` (`id`, `codigo`, `peso`, `cantidad`) VALUES
	(1, '2435', 0.000, 0),
	(2, '2190', 0.000, 0),
	(3, '2379', 0.000, 0),
	(4, '8010', 0.000, 0),
	(5, '3755', 0.000, 0),
	(6, '1922', 0.000, 0),
	(7, '6442', 0.000, 0),
	(8, '3781', 0.000, 0),
	(9, '8016', 0.000, 0),
	(10, '2925', 0.000, 0),
	(11, '1218', 0.000, 0),
	(12, '4787', 0.000, 0),
	(13, '6572', 0.000, 0),
	(14, '7700', 0.000, 0),
	(15, '2250', 0.000, 0),
	(16, '5446', 0.000, 0),
	(17, '6055', 0.000, 0),
	(18, '4116', 0.000, 0),
	(19, '2254', 0.000, 0),
	(20, '2264', 0.000, 0),
	(21, '6598', 0.000, 0);

-- Volcando datos para la tabla cdf_crm.stock_a_picada: ~26 rows (aproximadamente)
REPLACE INTO `stock_a_picada` (`id`, `codigo`, `peso`) VALUES
	(1, '2435', 1.030),
	(2, '8010', 0.000),
	(3, '3755', 0.000),
	(4, '5052', 0.000),
	(5, '8016', 0.000),
	(6, '3781', 0.000),
	(7, '2925', 0.000),
	(8, '1218', 0.000),
	(9, '4787', 3.015),
	(10, '6572', 0.000),
	(11, '7700', 0.000),
	(12, '2250', 1.050),
	(13, '5446', 0.000),
	(14, '2912', 0.000),
	(16, '1617', 0.000),
	(17, '4116', 1.160),
	(18, '2914', 0.000),
	(19, '8974', 0.000),
	(20, '6598', 0.665),
	(21, '6055', 0.000),
	(22, '5072', 0.000),
	(23, '5048', 0.000),
	(24, '2187', 0.000),
	(25, '6152', 0.000),
	(38, '2254', 1.535),
	(39, '2264', 0.155);

-- Volcando datos para la tabla cdf_crm.stock_envasados: ~26 rows (aproximadamente)
REPLACE INTO `stock_envasados` (`id`, `codigo`, `cantidad`, `peso`, `fecha_ultimo_registro`) VALUES
	(1, '2190', 21, 15.810, '2026-04-27 11:44:03'),
	(2, '2379', -94, 123.675, '2026-04-29 17:11:10'),
	(3, '2435', 114, 78.105, '2026-04-29 16:28:53'),
	(4, '8010', 114, 65.060, '2026-04-28 14:06:38'),
	(5, '3755', 31, 66.740, '2026-04-28 13:28:59'),
	(6, '1922', 1, 66.685, '2026-04-28 16:54:31'),
	(7, '6442', 4, 4.875, '2026-04-28 11:04:16'),
	(8, '3781', 49, 19.165, '2026-04-28 15:43:56'),
	(9, '7700', 25, 12.200, '2026-04-29 10:33:50'),
	(10, '8016', 23, 6.105, '2026-04-28 15:37:49'),
	(11, '8663', -1, 1.000, '2026-04-28 08:48:46'),
	(12, '2914', 0, 1.300, '2026-04-28 08:49:55'),
	(13, '2925', 24, 5.445, '2026-04-28 15:38:30'),
	(14, '7105', 0, 5.400, '2026-04-28 08:50:24'),
	(15, '8974', -1, 3.780, '2026-04-28 08:52:52'),
	(16, '7718', 0, 22.500, '2026-04-28 08:55:34'),
	(17, '1218', 27, 20.390, '2026-04-28 16:20:15'),
	(18, '4787', 78, 66.115, '2026-04-29 16:07:52'),
	(19, '6572', 110, 20.275, '2026-04-29 11:08:58'),
	(20, '5446', 26, 8.750, '2026-04-29 11:48:25'),
	(21, '2250', 72, 24.995, '2026-04-29 14:32:17'),
	(22, '6055', 0, 3.105, '2026-04-29 13:11:01'),
	(23, '4116', 72, 22.440, '2026-04-29 16:07:29'),
	(24, '2254', 48, 22.475, '2026-04-29 13:25:16'),
	(25, '6598', 50, 10.925, '2026-04-29 15:40:50'),
	(26, '2264', 0, 4.400, '2026-04-29 16:08:42');

-- Volcando datos para la tabla cdf_crm.stock_kilos: ~63 rows (aproximadamente)
REPLACE INTO `stock_kilos` (`id`, `codigo_producto`, `cantidad_kilos`) VALUES
	(34, '2255', 0.310),
	(39, '1866', 0.110),
	(41, '8654', 1.135),
	(117, '2379', 58.450),
	(118, '2381', 4.310),
	(119, '2420', 0.755),
	(120, '2427', 8.905),
	(121, '2434', 16.420),
	(122, '2435', 108.477),
	(123, '2438', 0.090),
	(124, '2440', 0.010),
	(125, '2912', 0.005),
	(126, '2914', 0.000),
	(127, '2925', 10.260),
	(128, '8974', 4.895),
	(129, '9778', 0.010),
	(130, '1806', 0.150),
	(131, '1816', 0.005),
	(132, '1218', 12.520),
	(133, '5915', 0.100),
	(134, '6011', 5.920),
	(135, '6055', 33.845),
	(136, '6152', 1.090),
	(137, '6253', 0.225),
	(138, '4116', 2.910),
	(139, '4318', 0.010),
	(140, '4787', 21.465),
	(141, '7700', 5.000),
	(142, '7718', 36.835),
	(143, '8010', 120.970),
	(144, '8016', 3.395),
	(145, '8085', 8.910),
	(146, '3483', 2.850),
	(147, '3755', 138.575),
	(148, '3781', 13.986),
	(149, '3817', 0.005),
	(150, '2073', 5.110),
	(151, '2187', 2.230),
	(152, '2190', 33.455),
	(153, '2250', 0.090),
	(154, '2254', -4.365),
	(155, '2264', -4.280),
	(156, '2266', 0.740),
	(157, '6442', 5.440),
	(158, '6572', 14.130),
	(159, '4898', 3.075),
	(160, '4998', 3.065),
	(161, '5048', 32.820),
	(162, '5052', 25.220),
	(163, '5072', 10.740),
	(164, '5075', 11.710),
	(165, '5076', 12.880),
	(166, '5409', 1.985),
	(167, '5446', 9.100),
	(168, '6598', -4.820),
	(169, '8663', 15.360),
	(170, '7105', 15.775),
	(171, '1541', 0.705),
	(172, '1611', 2.835),
	(173, '1617', 12.820),
	(174, '1922', 294.695),
	(175, '2424', 16.440),
	(176, '2374', 4.780);

-- Volcando datos para la tabla cdf_crm.stock_piezas: ~208 rows (aproximadamente)
REPLACE INTO `stock_piezas` (`id`, `codigo`, `cantidad`, `fecha_ultimo_registro`, `vencimiento`) VALUES
	(1, '1000', 7, '2026-04-26 14:22:16', '30-04-20'),
	(2, '1057', 4, '2026-04-26 21:16:34', '26-5-26'),
	(3, '1061', 0, '2026-04-26 14:06:50', NULL),
	(4, '1068', 0, '2026-04-26 14:06:50', NULL),
	(5, '1137', 0, '2026-04-26 14:06:50', NULL),
	(6, '1254', 0, '2026-04-26 14:06:50', NULL),
	(7, '1218', 1, '2026-04-28 15:45:14', NULL),
	(8, '1492', 0, '2026-04-26 14:06:50', NULL),
	(9, '1321', 0, '2026-04-26 14:06:50', NULL),
	(10, '1541', 0, '2026-04-26 14:06:50', NULL),
	(11, '1606', 0, '2026-04-26 14:06:50', NULL),
	(12, '1611', 2, '2026-04-27 11:14:07', '10-8-26'),
	(13, '1617', 0, '2026-04-26 14:06:50', NULL),
	(14, '1621', 0, '2026-04-26 14:06:50', NULL),
	(15, '174', 0, '2026-04-26 14:06:50', NULL),
	(16, '1753', 0, '2026-04-26 14:06:50', NULL),
	(17, '1806', 0, '2026-04-26 14:06:50', NULL),
	(18, '1816', 0, '2026-04-26 14:06:50', NULL),
	(19, '1856', 0, '2026-04-26 14:06:50', NULL),
	(20, '1866', 0, '2026-04-26 14:06:50', NULL),
	(21, '1922', 0, '2026-04-28 16:18:51', NULL),
	(22, '2073', 0, '2026-04-26 14:06:50', NULL),
	(23, '2187', 1, '2026-04-27 11:17:17', '16-06-26'),
	(24, '2190', 0, '2026-04-27 11:41:38', NULL),
	(25, '2240', 0, '2026-04-26 14:06:50', NULL),
	(26, '2250', 0, '2026-04-29 13:39:14', NULL),
	(27, '2252', 0, '2026-04-26 14:06:50', NULL),
	(28, '2257', 0, '2026-04-26 14:06:50', NULL),
	(29, '2254', 0, '2026-04-29 13:14:31', NULL),
	(30, '2260', 0, '2026-04-26 14:06:50', NULL),
	(31, '2255', 0, '2026-04-26 14:06:50', NULL),
	(32, '2265', 0, '2026-04-26 14:06:50', NULL),
	(33, '2264', 0, '2026-04-29 14:51:39', NULL),
	(34, '2266', 0, '2026-04-26 14:06:50', NULL),
	(35, '2272', 0, '2026-04-26 14:06:50', NULL),
	(36, '2379', 0, '2026-04-29 17:04:57', NULL),
	(37, '2374', 0, '2026-04-26 14:06:50', NULL),
	(38, '2385', 0, '2026-04-26 14:06:50', NULL),
	(39, '2400', 0, '2026-04-26 14:06:50', NULL),
	(40, '2381', 0, '2026-04-26 14:06:50', NULL),
	(41, '2401', 0, '2026-04-26 14:06:50', NULL),
	(42, '2406', 0, '2026-04-26 14:06:50', NULL),
	(43, '2420', 0, '2026-04-26 14:06:50', NULL),
	(44, '2404', 0, '2026-04-26 14:06:50', NULL),
	(45, '2422', 0, '2026-04-26 14:06:50', NULL),
	(46, '2424', 0, '2026-04-26 14:06:50', NULL),
	(47, '2427', 1, '2026-04-26 22:53:04', '01-06-26'),
	(48, '2435', 0, '2026-04-29 16:14:21', NULL),
	(49, '2434', 0, '2026-04-26 14:06:50', NULL),
	(50, '2431', 0, '2026-04-26 14:06:50', NULL),
	(51, '2438', 0, '2026-04-26 14:06:50', NULL),
	(52, '2441', 0, '2026-04-26 14:06:50', NULL),
	(53, '2440', 0, '2026-04-26 14:06:50', NULL),
	(54, '2443', 0, '2026-04-26 14:06:50', NULL),
	(55, '2496', 0, '2026-04-26 14:06:50', NULL),
	(56, '2450', 0, '2026-04-26 14:06:50', NULL),
	(57, '2634', 0, '2026-04-26 14:06:50', NULL),
	(58, '2807', 0, '2026-04-26 14:06:50', NULL),
	(59, '2825', 0, '2026-04-26 14:06:50', NULL),
	(60, '2831', 0, '2026-04-26 14:06:50', NULL),
	(61, '2905', 0, '2026-04-26 14:06:50', NULL),
	(62, '2910', 0, '2026-04-26 14:06:50', NULL),
	(63, '2842', 0, '2026-04-26 14:06:50', NULL),
	(64, '2914', 0, '2026-04-26 14:06:50', NULL),
	(65, '2919', 0, '2026-04-26 14:06:50', NULL),
	(66, '2912', 0, '2026-04-26 14:06:50', NULL),
	(67, '2934', 0, '2026-04-26 14:06:50', NULL),
	(68, '2925', 0, '2026-04-28 15:20:34', NULL),
	(69, '3067', 0, '2026-04-26 14:06:50', NULL),
	(70, '3035', 0, '2026-04-26 14:06:50', NULL),
	(71, '3102', 0, '2026-04-26 14:06:50', NULL),
	(72, '3230', 0, '2026-04-26 14:06:50', NULL),
	(73, '3365', 0, '2026-04-26 14:06:50', NULL),
	(74, '3424', 0, '2026-04-26 14:06:50', NULL),
	(75, '3483', 0, '2026-04-26 14:06:50', NULL),
	(76, '3491', 0, '2026-04-26 14:06:50', NULL),
	(77, '3405', 0, '2026-04-26 14:06:50', NULL),
	(78, '3535', 0, '2026-04-26 14:06:50', NULL),
	(79, '366', 0, '2026-04-26 14:06:50', NULL),
	(80, '3740', 0, '2026-04-26 14:06:50', NULL),
	(81, '3756', 0, '2026-04-26 14:06:50', NULL),
	(82, '3755', 4, '2026-04-28 12:56:08', '31-5-202'),
	(83, '3757', 0, '2026-04-26 14:06:50', NULL),
	(84, '3782', 0, '2026-04-26 14:06:50', NULL),
	(85, '3781', 0, '2026-04-28 15:18:14', NULL),
	(86, '3817', 0, '2026-04-26 14:06:50', NULL),
	(87, '3841', 0, '2026-04-26 14:06:50', NULL),
	(88, '3864', 0, '2026-04-26 14:06:50', NULL),
	(89, '3947', 0, '2026-04-26 14:06:50', NULL),
	(90, '3865', 0, '2026-04-26 14:06:50', NULL),
	(91, '3948', 0, '2026-04-26 14:06:50', NULL),
	(92, '3883', 0, '2026-04-26 14:06:50', NULL),
	(93, '4027', 0, '2026-04-26 14:06:50', NULL),
	(94, '3949', 0, '2026-04-26 14:06:50', NULL),
	(95, '4186', 0, '2026-04-26 14:06:50', NULL),
	(96, '4192', 0, '2026-04-26 14:06:50', NULL),
	(97, '4318', 0, '2026-04-26 14:06:50', NULL),
	(98, '4116', 0, '2026-04-29 16:00:20', NULL),
	(99, '4332', 0, '2026-04-26 14:06:50', NULL),
	(100, '4787', 0, '2026-04-29 15:59:14', NULL),
	(101, '4701', 0, '2026-04-26 14:06:50', NULL),
	(102, '4695', 0, '2026-04-26 14:06:50', NULL),
	(103, '4792', 0, '2026-04-26 14:06:50', NULL),
	(104, '4929', 0, '2026-04-26 14:06:50', NULL),
	(105, '4898', 5, '2026-04-26 22:52:09', '15-06-26'),
	(106, '4962', 0, '2026-04-26 14:06:50', NULL),
	(107, '5045', 0, '2026-04-26 14:06:50', NULL),
	(108, '4998', 5, '2026-04-26 22:52:24', '14-06-26'),
	(109, '5048', 0, '2026-04-26 14:06:50', NULL),
	(110, '5052', 0, '2026-04-26 14:06:50', NULL),
	(111, '5072', 1, '2026-04-27 11:14:48', '17-07-26'),
	(112, '5075', 0, '2026-04-26 14:06:50', NULL),
	(113, '5076', 0, '2026-04-26 14:06:50', NULL),
	(114, '5100', 0, '2026-04-26 14:06:50', NULL),
	(115, '5409', 0, '2026-04-26 14:06:50', NULL),
	(116, '5221', 0, '2026-04-26 14:06:50', NULL),
	(117, '5446', 0, '2026-04-29 11:14:37', NULL),
	(118, '5651', 0, '2026-04-26 14:06:50', NULL),
	(119, '5592', 0, '2026-04-26 14:06:50', NULL),
	(120, '5900', 0, '2026-04-26 14:06:50', NULL),
	(121, '5920', 0, '2026-04-26 14:06:50', NULL),
	(122, '5915', 0, '2026-04-26 14:06:50', NULL),
	(123, '5932', 0, '2026-04-26 14:06:50', NULL),
	(124, '5933', 0, '2026-04-26 14:06:50', NULL),
	(125, '5934', 0, '2026-04-26 14:06:50', NULL),
	(126, '5948', 0, '2026-04-26 14:06:50', NULL),
	(127, '5950', 0, '2026-04-26 14:06:50', NULL),
	(128, '5952', 0, '2026-04-26 14:06:50', NULL),
	(129, '6011', 1, '2026-04-27 11:15:49', '5-6-26'),
	(130, '6105', 0, '2026-04-26 14:06:50', NULL),
	(131, '6055', 0, '2026-04-29 11:30:00', NULL),
	(132, '6152', 0, '2026-04-26 14:06:50', NULL),
	(133, '6309', 0, '2026-04-26 14:06:50', NULL),
	(134, '6253', 0, '2026-04-26 14:06:50', NULL),
	(135, '6179', 0, '2026-04-26 14:06:50', NULL),
	(136, '6406', 0, '2026-04-26 14:06:50', NULL),
	(137, '6442', 0, '2026-04-27 17:25:10', NULL),
	(138, '6436', 0, '2026-04-26 14:06:50', NULL),
	(139, '6572', 0, '2026-04-28 17:15:17', NULL),
	(140, '658906', 0, '2026-04-26 14:06:50', NULL),
	(141, '657787', 0, '2026-04-26 14:06:50', NULL),
	(142, '6598', 0, '2026-04-29 15:33:59', NULL),
	(143, '660383', 0, '2026-04-26 14:06:50', NULL),
	(144, '660384', 0, '2026-04-26 14:06:50', NULL),
	(145, '660503', 0, '2026-04-26 14:06:50', NULL),
	(146, '660502', 0, '2026-04-26 14:06:50', NULL),
	(147, '660565', 0, '2026-04-26 14:06:50', NULL),
	(148, '662269', 0, '2026-04-26 14:06:50', NULL),
	(149, '662273', 0, '2026-04-26 14:06:50', NULL),
	(150, '663759', 0, '2026-04-26 14:06:50', NULL),
	(151, '662270', 0, '2026-04-26 14:06:50', NULL),
	(152, '663826', 0, '2026-04-26 14:06:50', NULL),
	(153, '664379', 0, '2026-04-26 14:06:50', NULL),
	(154, '664487', 0, '2026-04-26 14:06:50', NULL),
	(155, '664639', 0, '2026-04-26 14:06:50', NULL),
	(156, '664718', 0, '2026-04-26 14:06:50', NULL),
	(157, '664940', 0, '2026-04-26 14:06:50', NULL),
	(158, '664942', 0, '2026-04-26 14:06:50', NULL),
	(159, '664951', 0, '2026-04-26 14:06:50', NULL),
	(160, '665073', 0, '2026-04-26 14:06:50', NULL),
	(161, '665072', 0, '2026-04-26 14:06:50', NULL),
	(162, '665075', 0, '2026-04-26 14:06:50', NULL),
	(163, '665076', 0, '2026-04-26 14:06:50', NULL),
	(164, '665121', 0, '2026-04-26 14:06:50', NULL),
	(165, '665120', 0, '2026-04-26 14:06:50', NULL),
	(166, '665569', 0, '2026-04-26 14:06:50', NULL),
	(167, '665887', 0, '2026-04-26 14:06:50', NULL),
	(168, '665933', 0, '2026-04-26 14:06:50', NULL),
	(169, '666043', 0, '2026-04-26 14:06:50', NULL),
	(170, '666046', 0, '2026-04-26 14:06:50', NULL),
	(171, '666047', 0, '2026-04-26 14:06:50', NULL),
	(172, '666045', 0, '2026-04-26 14:06:50', NULL),
	(173, '666048', 0, '2026-04-26 14:06:50', NULL),
	(174, '666052', 0, '2026-04-26 14:06:50', NULL),
	(175, '666050', 0, '2026-04-26 14:06:50', NULL),
	(176, '666337', 0, '2026-04-26 14:06:50', NULL),
	(177, '667085', 0, '2026-04-26 14:06:50', NULL),
	(178, '666502', 0, '2026-04-26 14:06:50', NULL),
	(179, '666204', 0, '2026-04-26 14:06:50', NULL),
	(180, '6910', 0, '2026-04-26 14:06:50', NULL),
	(181, '6878', 0, '2026-04-26 14:06:50', NULL),
	(182, '6925', 0, '2026-04-26 14:06:50', NULL),
	(183, '7105', 5, '2026-04-26 22:52:41', '13-08-26'),
	(184, '6951', 0, '2026-04-26 14:06:50', NULL),
	(185, '7165', 0, '2026-04-26 14:06:50', NULL),
	(186, '7382', 0, '2026-04-26 14:06:50', NULL),
	(187, '7633', 0, '2026-04-26 14:06:50', NULL),
	(188, '7491', 0, '2026-04-26 14:06:50', NULL),
	(189, '7654', 0, '2026-04-26 14:06:50', NULL),
	(190, '7700', 0, '2026-04-28 17:43:00', NULL),
	(191, '7770', 0, '2026-04-26 14:06:50', NULL),
	(192, '7765', 0, '2026-04-26 14:06:50', NULL),
	(193, '7718', 0, '2026-04-26 14:06:50', NULL),
	(194, '7798', 0, '2026-04-26 14:06:50', NULL),
	(195, '7800', 0, '2026-04-26 14:06:50', NULL),
	(196, '8010', 0, '2026-04-28 13:16:41', NULL),
	(197, '8016', 0, '2026-04-28 15:19:23', NULL),
	(198, '8375', 0, '2026-04-26 14:06:50', NULL),
	(199, '8085', 0, '2026-04-26 14:06:50', NULL),
	(200, '8663', 0, '2026-04-26 14:06:50', NULL),
	(201, '8654', 0, '2026-04-26 14:06:50', NULL),
	(202, '8813', 0, '2026-04-26 14:06:50', NULL),
	(203, '8657', 0, '2026-04-26 14:06:50', NULL),
	(204, '9254', 0, '2026-04-26 14:06:50', NULL),
	(205, '8974', 0, '2026-04-26 14:06:50', NULL),
	(206, '9475', 0, '2026-04-26 14:06:50', NULL),
	(207, '9778', 0, '2026-04-26 14:06:50', NULL),
	(208, '9842', 0, '2026-04-26 14:06:50', NULL);

-- Volcando datos para la tabla cdf_crm.stock_produccion: ~0 rows (aproximadamente)

-- Volcando datos para la tabla cdf_crm.sucursales: ~7 rows (aproximadamente)
REPLACE INTO `sucursales` (`id_sucursal`, `nombre`, `ubicacion`) VALUES
	(1, 'Sucursal Centro', 'Pendiente de actualizar'),
	(2, 'Depot 16-Ameghino', ''),
	(3, 'Depot 20-Sarmiento', ''),
	(4, 'Depot 12-Cordoba', ''),
	(5, 'Depot 22-Roca', ''),
	(6, 'Depot 09-Barranqueras', ''),
	(7, 'Depot 03-Italia', '');

-- Volcando datos para la tabla cdf_crm.usuarios: ~8 rows (aproximadamente)
REPLACE INTO `usuarios` (`id_usuario`, `usuario`, `password`, `rol`) VALUES
	(1, 'Edgar', 'legolas01', 'Admin'),
	(2, 'Mauricio', '1015', 'Referente'),
	(3, 'Juan', '1016', 'Feteador'),
	(4, 'Ulises', '1017', 'Referente'),
	(5, 'Braian', '1018', 'Envasador'),
	(6, 'Repo-Jotabe', '0000', 'Feteador'),
	(7, 'maxi', '1099', 'Admin'),
	(8, 'Repo-Paladini', '0000', 'Feteador');

/*!40103 SET TIME_ZONE=IFNULL(@OLD_TIME_ZONE, 'system') */;
/*!40101 SET SQL_MODE=IFNULL(@OLD_SQL_MODE, '') */;
/*!40014 SET FOREIGN_KEY_CHECKS=IFNULL(@OLD_FOREIGN_KEY_CHECKS, 1) */;
/*!40101 SET CHARACTER_SET_CLIENT=@OLD_CHARACTER_SET_CLIENT */;
/*!40111 SET SQL_NOTES=IFNULL(@OLD_SQL_NOTES, 1) */;
