-- --------------------------------------------------------
-- Host:                         127.0.0.1
-- Versión del servidor:         12.2.2-MariaDB - MariaDB Server
-- SO del servidor:              Win64
-- HeidiSQL Versión:             12.17.0.7270
-- --------------------------------------------------------

/*!40101 SET @OLD_CHARACTER_SET_CLIENT=@@CHARACTER_SET_CLIENT */;
/*!40101 SET NAMES utf8 */;
/*!50503 SET NAMES utf8mb4 */;
/*!40103 SET @OLD_TIME_ZONE=@@TIME_ZONE */;
/*!40103 SET TIME_ZONE='+00:00' */;
/*!40014 SET @OLD_FOREIGN_KEY_CHECKS=@@FOREIGN_KEY_CHECKS, FOREIGN_KEY_CHECKS=0 */;
/*!40101 SET @OLD_SQL_MODE=@@SQL_MODE, SQL_MODE='NO_AUTO_VALUE_ON_ZERO' */;
/*!40111 SET @OLD_SQL_NOTES=@@SQL_NOTES, SQL_NOTES=0 */;

-- Volcando datos para la tabla cdf_app.colaboradores: ~5 rows (aproximadamente)
REPLACE INTO `colaboradores` (`id_colaborador`, `nombre`, `rol`, `password`) VALUES
	(1, 'Mauricio', 'Referente', '1015'),
	(2, 'Juan', 'Feteador', '1016'),
	(3, 'Ulises', 'Referente', '1017'),
	(4, 'Braian', 'Envasador', '1018'),
	(5, 'Repo Externo', 'Feteador', '0000');

-- Volcando datos para la tabla cdf_app.despachos: ~0 rows (aproximadamente)

-- Volcando datos para la tabla cdf_app.detalles_feteado: ~0 rows (aproximadamente)

-- Volcando datos para la tabla cdf_app.existencias: ~0 rows (aproximadamente)

-- Volcando datos para la tabla cdf_app.ingresos_proveedores: ~26 rows (aproximadamente)
REPLACE INTO `ingresos_proveedores` (`id_ingreso`, `fecha`, `proveedor`, `nro_factura`, `id_producto_proveedor`, `id_producto`, `kilos_totales`, `bultos`, `vencimiento`) VALUES
	(1, '2026-04-29 16:16:53', 'TREGAR', '156661357', '1098', 117, 49.64, 3, '2026-09-09'),
	(2, '2026-04-29 16:16:53', 'TREGAR', '156661357', '9', 115, 164.25, 10, '2026-06-10'),
	(3, '2026-04-29 16:16:53', 'TREGAR', '156661357', '1093', 123, 31.98, 4, '2026-06-06'),
	(4, '2026-04-29 16:16:53', 'TREGAR', '156661357', '1094', 122, 30.38, 4, '2026-06-02'),
	(5, '2026-04-29 16:16:53', 'TREGAR', '156661357', '1099', 121, 9.38, 1, '2026-07-05'),
	(6, '2026-04-29 16:16:53', 'TREGAR', '156661357', '211', 114, 20.00, 4, '2026-07-20'),
	(7, '2026-04-29 18:47:26', 'TREGAR', '156661357', '1096', 119, 8.78, 1, '2026-07-18'),
	(8, '2026-04-29 18:47:26', 'TREGAR', '156661357', '1095', 116, 16.44, 2, '2026-06-12'),
	(9, '2026-04-29 20:18:00', 'LARIO', '70188302', '41', 184, 4.78, 1, '2026-07-24'),
	(10, '2026-04-29 20:18:00', 'LARIO', '70188302', '39', 183, 4.96, 1, '2026-07-24'),
	(11, '2026-04-29 20:18:00', 'LARIO', '70188302', '547', 179, 2.85, 1, '2026-07-31'),
	(12, '2026-04-29 20:18:00', 'LARIO', '70188302', '27', 180, 7.82, 1, '2026-07-31'),
	(13, '2026-04-30 16:27:49', 'Recreo', '1100212137', '12101', 126, 171.41, 8, '2026-07-20'),
	(14, '2026-04-30 16:27:49', 'Recreo', '1100212137', '12315', 125, 64.41, 3, '2026-08-12'),
	(15, '2026-04-30 16:27:49', 'Recreo', '1100212137', '15610', 128, 15.85, 2, '2026-06-29'),
	(16, '2026-04-30 16:27:49', 'Recreo', '1100212137', '10200', 124, 11.28, 1, '2026-09-09'),
	(17, '2026-04-30 16:27:49', 'Recreo', '1100212137', '14200', 130, 28.13, 1, '2026-09-08'),
	(18, '2026-04-30 16:27:49', 'Recreo', '1100212137', '14110', 129, 25.80, 1, '2026-07-07'),
	(19, '2026-04-30 17:54:00', 'Jotabe', '17112149', '749', 38, 96.18, 16, '2026-08-13'),
	(20, '2026-04-30 17:54:00', 'Jotabe', '17112149', '2173', 42, 48.33, 8, '2026-08-06'),
	(21, '2026-04-30 17:54:00', 'Jotabe', '17112149', '2172', 53, 88.19, 24, '2026-08-06'),
	(22, '2026-04-30 17:54:00', 'Jotabe', '17112149', '450', 55, 42.59, 12, '2026-07-17'),
	(23, '2026-04-30 17:54:00', 'Jotabe', '17112149', '2340', 51, 20.89, 1, '2026-09-23'),
	(24, '2026-04-30 17:54:00', 'Jotabe', '17112149', '2072', 56, 63.30, 18, '2026-08-20'),
	(25, '2026-04-30 17:54:00', 'Jotabe', '17112149', '1882', 39, 14.95, 5, '2026-08-20'),
	(26, '2026-04-30 17:54:00', 'Jotabe', '17112149', '853', 41, 9.65, 2, '2026-06-03'),
	(27, '2026-04-30 17:54:00', 'Jotabe', '17112149', '2171', 52, 89.32, 20, '2026-06-24'),
	(28, '2026-04-30 17:54:00', 'Jotabe', '17112149', '2070', 58, 17.26, 4, '2026-06-26');

-- Volcando datos para la tabla cdf_app.items_pedidos: ~145 rows (aproximadamente)
REPLACE INTO `items_pedidos` (`id_item`, `id_pedido`, `id_producto`, `cantidad_piezas`, `cantidad_fraccionado`) VALUES
	(4746, 'PED-1777982201696', 120, 0, 75.000),
	(4747, 'PED-1777982201696', 117, 0, 80.000),
	(4748, 'PED-1777982201696', 115, 0, 80.000),
	(4749, 'PED-1777982201696', 56, 0, 50.000),
	(4750, 'PED-1777982201696', 55, 0, 75.000),
	(4751, 'PED-1777982201696', 53, 0, 75.000),
	(4752, 'PED-1777982201696', 52, 0, 70.000),
	(4753, 'PED-1777982201696', 128, 0, 16.000),
	(4754, 'PED-1777982201696', 125, 0, 35.000),
	(4755, 'PED-1777982201696', 105, 0, 12.000),
	(4756, 'PED-1777982201696', 101, 0, 35.000),
	(4757, 'PED-1777982201696', 42, 0, 35.000),
	(4758, 'PED-1777982201696', 39, 0, 12.000),
	(4759, 'PED-1777982201696', 38, 0, 35.000),
	(4760, 'PED-1777984909643', 26, 0, 20.000),
	(4761, 'PED-1777984909643', 187, 12, 0.000),
	(4762, 'PED-1777984909643', 186, 12, 0.000),
	(4763, 'PED-1777984909643', 183, 8, 0.000),
	(4764, 'PED-1777984909643', 180, 1, 0.000),
	(4765, 'PED-1777984909643', 148, 0, 50.000),
	(4766, 'PED-1777984909643', 120, 0, 35.000),
	(4767, 'PED-1777984909643', 117, 0, 50.000),
	(4768, 'PED-1777984909643', 61, 0, 20.000),
	(4769, 'PED-1777984909643', 57, 0, 15.000),
	(4770, 'PED-1777984909643', 56, 0, 50.000),
	(4771, 'PED-1777984909643', 55, 0, 50.000),
	(4772, 'PED-1777984909643', 53, 0, 50.000),
	(4773, 'PED-1777984909643', 52, 0, 50.000),
	(4774, 'PED-1777984909643', 51, 0, 20.000),
	(4775, 'PED-1777984909643', 50, 0, 15.000),
	(4776, 'PED-1777984909643', 130, 0, 20.000),
	(4777, 'PED-1777984909643', 128, 0, 25.000),
	(4778, 'PED-1777984909643', 127, 0, 5.000),
	(4779, 'PED-1777984909643', 126, 0, 45.000),
	(4780, 'PED-1777984909643', 125, 0, 45.000),
	(4781, 'PED-1777984909643', 124, 0, 5.000),
	(4782, 'PED-1777984909643', 106, 0, 15.000),
	(4783, 'PED-1777984909643', 105, 0, 10.000),
	(4784, 'PED-1777984909643', 101, 0, 45.000),
	(4785, 'PED-1777984909643', 43, 0, 15.000),
	(4786, 'PED-1777984909643', 42, 0, 40.000),
	(4787, 'PED-1777984909643', 41, 0, 15.000),
	(4788, 'PED-1777984909643', 39, 0, 20.000),
	(4789, 'PED-1777984909643', 38, 0, 45.000),
	(4790, 'PED-1777984909643', 37, 0, 15.000),
	(4791, 'PED-1777984909643', 33, 0, 5.000),
	(4792, 'PED-1777986449854', 121, 0, 4.000),
	(4793, 'PED-1777986449854', 117, 0, 50.000),
	(4794, 'PED-1777986449854', 115, 0, 40.000),
	(4795, 'PED-1777986449854', 61, 0, 4.000),
	(4796, 'PED-1777986449854', 57, 0, 4.000),
	(4797, 'PED-1777986449854', 55, 0, 10.000),
	(4798, 'PED-1777986449854', 53, 0, 50.000),
	(4799, 'PED-1777986449854', 52, 0, 20.000),
	(4800, 'PED-1777986449854', 50, 0, 4.000),
	(4801, 'PED-1777986449854', 148, 0, 40.000),
	(4802, 'PED-1777986449854', 130, 0, 15.000),
	(4803, 'PED-1777986449854', 127, 0, 5.000),
	(4804, 'PED-1777986449854', 42, 0, 10.000),
	(4805, 'PED-1777986449854', 39, 0, 15.000),
	(4806, 'PED-1777986449854', 38, 0, 50.000),
	(4807, 'PED-1777986449854', 105, 0, 10.000),
	(4808, 'PED-1777986449854', 101, 0, 50.000),
	(4809, 'PED-1777993402989', 62, 0, 40.000),
	(4810, 'PED-1777993402989', 121, 0, 10.000),
	(4811, 'PED-1777993402989', 120, 0, 15.000),
	(4812, 'PED-1777993402989', 119, 0, 10.000),
	(4813, 'PED-1777993402989', 117, 0, 50.000),
	(4814, 'PED-1777993402989', 116, 0, 15.000),
	(4815, 'PED-1777993402989', 115, 0, 20.000),
	(4816, 'PED-1777993402989', 114, 0, 10.000),
	(4817, 'PED-1777993402989', 60, 0, 10.000),
	(4818, 'PED-1777993402989', 58, 0, 10.000),
	(4819, 'PED-1777993402989', 57, 0, 15.000),
	(4820, 'PED-1777993402989', 56, 0, 60.000),
	(4821, 'PED-1777993402989', 55, 0, 20.000),
	(4822, 'PED-1777993402989', 53, 0, 70.000),
	(4823, 'PED-1777993402989', 52, 0, 20.000),
	(4824, 'PED-1777993402989', 51, 0, 20.000),
	(4825, 'PED-1777993402989', 50, 0, 15.000),
	(4826, 'PED-1777993402989', 130, 0, 15.000),
	(4827, 'PED-1777993402989', 129, 0, 20.000),
	(4828, 'PED-1777993402989', 128, 0, 20.000),
	(4829, 'PED-1777993402989', 126, 0, 50.000),
	(4830, 'PED-1777993402989', 125, 0, 40.000),
	(4831, 'PED-1777993402989', 106, 0, 25.000),
	(4832, 'PED-1777993402989', 105, 0, 20.000),
	(4833, 'PED-1777993402989', 101, 0, 30.000),
	(4834, 'PED-1777993402989', 43, 0, 15.000),
	(4835, 'PED-1777993402989', 42, 0, 50.000),
	(4836, 'PED-1777993402989', 41, 0, 20.000),
	(4837, 'PED-1777993402989', 39, 0, 20.000),
	(4838, 'PED-1777993402989', 38, 0, 60.000),
	(4839, 'PED-1777993402989', 37, 0, 15.000),
	(4840, 'PED-1777993402989', 33, 0, 10.000),
	(4841, 'PED-1777995557518', 130, 0, 29.000),
	(4842, 'PED-1777995557518', 126, 0, 50.000),
	(4843, 'PED-1777995557518', 38, 0, 40.000),
	(4844, 'PED-1777995557518', 56, 0, 60.000),
	(4845, 'PED-1777995557518', 26, 0, 15.000),
	(4846, 'PED-1777995557518', 148, 0, 50.000),
	(4847, 'PED-1777995557518', 47, 0, 5.000),
	(4848, 'PED-1777995557518', 62, 0, 30.000),
	(4849, 'PED-1777995557518', 43, 0, 10.000),
	(4850, 'PED-1777995557518', 41, 0, 15.000),
	(4851, 'PED-1777995557518', 180, 0, 10.000),
	(4852, 'PED-1777995557518', 181, 0, 20.000),
	(4853, 'PED-1777995557518', 51, 0, 15.000),
	(4854, 'PED-1777995557518', 57, 0, 10.000),
	(4855, 'PED-1777995557518', 42, 0, 20.000),
	(4856, 'PED-1777995557518', 174, 0, 30.000),
	(4857, 'PED-1777995557518', 55, 0, 25.000),
	(4858, 'PED-1777995557518', 48, 0, 5.000),
	(4859, 'PED-1777995557518', 129, 0, 25.000),
	(4860, 'PED-1777995557518', 125, 0, 30.000),
	(4861, 'PED-1777995557518', 53, 0, 50.000),
	(4862, 'PED-1777995557518', 116, 0, 10.000),
	(4863, 'PED-1777995557518', 115, 0, 50.000),
	(4864, 'PED-1777995557518', 117, 0, 30.000),
	(4865, 'PED-1777995557518', 52, 0, 50.000),
	(4866, 'PED-1778061768853', 26, 0, 40.000),
	(4867, 'PED-1778061768853', 148, 0, 90.000),
	(4868, 'PED-1778061768853', 120, 0, 50.000),
	(4869, 'PED-1778061768853', 117, 0, 90.000),
	(4870, 'PED-1778061768853', 115, 0, 70.000),
	(4871, 'PED-1778061768853', 114, 0, 15.000),
	(4872, 'PED-1778061768853', 61, 0, 30.000),
	(4873, 'PED-1778061768853', 57, 0, 30.000),
	(4874, 'PED-1778061768853', 56, 0, 90.000),
	(4875, 'PED-1778061768853', 55, 0, 50.000),
	(4876, 'PED-1778061768853', 54, 0, 25.000),
	(4877, 'PED-1778061768853', 53, 0, 80.000),
	(4878, 'PED-1778061768853', 52, 0, 70.000),
	(4879, 'PED-1778061768853', 51, 0, 20.000),
	(4880, 'PED-1778061768853', 50, 0, 15.000),
	(4881, 'PED-1778061768853', 130, 0, 20.000),
	(4882, 'PED-1778061768853', 126, 0, 70.000),
	(4883, 'PED-1778061768853', 125, 0, 60.000),
	(4884, 'PED-1778061768853', 106, 0, 30.000),
	(4885, 'PED-1778061768853', 105, 0, 30.000),
	(4886, 'PED-1778061768853', 101, 0, 30.000),
	(4887, 'PED-1778061768853', 42, 0, 70.000),
	(4888, 'PED-1778061768853', 41, 0, 30.000),
	(4889, 'PED-1778061768853', 39, 0, 40.000),
	(4890, 'PED-1778061768853', 38, 0, 70.000);

-- Volcando datos para la tabla cdf_app.movimientos: ~0 rows (aproximadamente)

-- Volcando datos para la tabla cdf_app.pedidos_sucursales: ~6 rows (aproximadamente)
REPLACE INTO `pedidos_sucursales` (`id_pedido`, `codigo_pedido`, `id_sucursal`, `fecha_pedido`, `estado`) VALUES
	('PED-1777982201696', 'PED-1777982201696', 4, '2026-05-05 03:00:00', 'Despachado'),
	('PED-1777984909643', 'PED-1777984909643', 3, '2026-05-05 03:00:00', 'Despachado'),
	('PED-1777986449854', 'PED-1777986449854', 2, '2026-05-05 03:00:00', 'Despachado'),
	('PED-1777993402989', 'PED-1777993402989', 6, '2026-05-05 03:00:00', 'Despachado'),
	('PED-1777995557518', 'PED-1777995557518', 5, '2026-05-05 03:00:00', 'Despachado'),
	('PED-1778061768853', 'PED-1778061768853', 7, '2026-05-06 03:00:00', 'Despachado');

-- Volcando datos para la tabla cdf_app.preparacion_pedidos: ~159 rows (aproximadamente)
REPLACE INTO `preparacion_pedidos` (`id`, `codigo_de_pedido`, `codigo_producto`, `cantidad_piezas_pedida`, `cantidad_fracciones_pedidas`, `peso_piezas_preparadas`, `peso_fracciones_preparadas`, `cantidad_bolsitas_preparadas`, `timestamp`) VALUES
	(1, 'PED-1776166239217', '2422', 0, 250, 0.000, 3.750, 17, '2026-04-26 22:24:34'),
	(2, 'PED-1776166239217', '1218', 0, 50, 0.000, 8.750, 45, '2026-04-26 22:39:35'),
	(3, 'PED-1777051847213', '5052', 0, 20, 0.000, 2.000, 18, '2026-04-27 10:54:52'),
	(4, 'PED-1777296862349', '2435', 1, 0, 3.300, 0.000, 0, '2026-04-27 14:41:24'),
	(5, 'PED-1777296862349', '1806', 0, 5, 0.000, 1.155, 5, '2026-04-27 14:42:40'),
	(6, 'PED-1777296862349', '5915', 0, 5, 0.000, 1.035, 5, '2026-04-27 14:45:55'),
	(7, 'PED-1777296862349', '5075', 0, 12, 0.000, 1.680, 12, '2026-04-27 14:47:58'),
	(8, 'PED-1777296862349', '5076', 0, 12, 0.000, 1.765, 12, '2026-04-27 14:48:54'),
	(9, 'PED-1777296862349', '1922', 0, 50, 0.000, 14.220, 32, '2026-04-27 14:57:16'),
	(10, 'PED-1777296862349', '2379', 0, 50, 0.000, 19.180, 50, '2026-04-27 15:01:31'),
	(11, 'PED-1777296862349', '2190', 0, 30, 0.000, 6.680, 30, '2026-04-27 15:03:40'),
	(12, 'PED-1777296862349', '3755', 0, 40, 0.000, 6.905, 40, '2026-04-27 15:08:03'),
	(13, 'PED-1777296862349', '5409', 0, 20, 0.000, 2.475, 19, '2026-04-27 15:26:59'),
	(14, 'PED-1777390698866', '2379', 0, 14, 0.000, 5.180, 14, '2026-04-28 17:48:43'),
	(15, 'PED-1777373510505', '1922', 0, 40, 0.000, 15.210, 40, '2026-04-29 10:25:09'),
	(16, 'PED-1777373510505', '3781', 0, 30, 0.000, 4.915, 30, '2026-04-29 10:52:53'),
	(17, 'PED-1777373510505', '3755', 0, 35, 0.000, 5.810, 35, '2026-04-29 10:59:27'),
	(18, 'PED-1777373510505', '7718', 0, 13, 0.000, 4.885, 13, '2026-04-29 11:04:56'),
	(19, 'PED-1777373510505', '5915', 0, 10, 0.000, 0.975, 5, '2026-04-29 11:13:17'),
	(20, 'PED-1777373510505', '1806', 0, 15, 0.000, 1.445, 7, '2026-04-29 11:21:08'),
	(21, 'PED-1777373510505', '8974', 0, 5, 0.000, 0.560, 5, '2026-04-29 11:22:26'),
	(22, 'PED-1777373510505', '2914', 0, 30, 0.000, 1.775, 7, '2026-04-29 11:24:12'),
	(23, 'PED-1777373510505', '5409', 0, 10, 0.000, 1.280, 10, '2026-04-29 11:35:00'),
	(24, 'PED-1777373510505', '2250', 0, 30, 0.000, 5.410, 30, '2026-04-29 11:37:43'),
	(25, 'PED-1777373510505', '2435', 0, 40, 0.000, 8.690, 40, '2026-04-29 11:43:07'),
	(26, 'PED-1777373510505', '2379', 0, 55, 0.000, 21.250, 55, '2026-04-29 11:49:24'),
	(27, 'PED-1777373510505', '6055', 0, 42, 0.000, 3.215, 20, '2026-04-29 11:55:00'),
	(28, 'PED-1777373510505', '6598', 0, 15, 0.000, 1.970, 15, '2026-04-29 11:55:52'),
	(29, 'PED-1777390576343', '2190', 0, 7, 0.000, 1.480, 7, '2026-04-29 12:05:07'),
	(30, 'PED-1777390576343', '3781', 0, 40, 0.000, 5.285, 31, '2026-04-29 12:25:00'),
	(31, 'PED-1777390576343', '3755', 0, 40, 0.000, 6.905, 40, '2026-04-29 12:30:35'),
	(32, 'PED-1777390576343', '3755', 0, 40, 0.000, 6.905, 40, '2026-04-29 12:30:44'),
	(33, 'PED-1777390576343', '1922', 0, 60, 0.000, 24.260, 60, '2026-04-29 12:35:44'),
	(34, 'PED-1777390576343', '7105', 0, 5, 0.000, 0.780, 5, '2026-04-29 12:38:26'),
	(35, 'PED-1777390576343', '8663', 0, 30, 0.000, 1.285, 9, '2026-04-29 12:40:49'),
	(36, 'PED-1777390576343', '6598', 0, 20, 0.000, 2.470, 20, '2026-04-29 12:44:17'),
	(37, 'PED-1777390576343', '5409', 0, 10, 0.000, 1.240, 10, '2026-04-29 12:52:28'),
	(38, 'PED-1777390576343', '6572', 0, 15, 0.000, 2.145, 15, '2026-04-29 12:55:45'),
	(39, 'PED-1777390576343', '6442', 0, 10, 0.000, 1.880, 10, '2026-04-29 12:59:17'),
	(40, 'PED-1777390576343', '7718', 0, 15, 0.000, 5.575, 15, '2026-04-29 13:01:47'),
	(41, 'PED-1777390576343', '4116', 0, 25, 0.000, 3.275, 25, '2026-04-29 13:04:47'),
	(42, 'PED-1777390576343', '8010', 0, 60, 0.000, 9.265, 60, '2026-04-29 13:15:17'),
	(43, 'PED-1777390576343', '4787', 0, 40, 0.000, 7.850, 40, '2026-04-29 13:25:30'),
	(44, 'PED-1777390576343', '1218', 0, 30, 0.000, 4.830, 30, '2026-04-29 13:29:05'),
	(45, 'PED-1777390576343', '2435', 0, 70, 0.000, 14.535, 70, '2026-04-29 13:35:02'),
	(46, 'PED-1777390576343', '2379', 0, 70, 0.000, 22.180, 60, '2026-04-29 13:41:25'),
	(47, 'PED-1777374815574', '8010', 0, 50, 0.000, 7.560, 50, '2026-04-29 13:45:55'),
	(48, 'PED-1777374815574', '1218', 0, 45, 0.000, 7.125, 45, '2026-04-29 13:49:42'),
	(49, 'PED-1777374815574', '2435', 0, 45, 0.000, 6.750, 45, '2026-04-29 14:01:56'),
	(50, 'PED-1777374815574', '2379', 0, 40, 0.000, 15.090, 40, '2026-04-29 14:05:12'),
	(51, 'PED-1777374815574', '3755', 0, 35, 0.000, 6.010, 35, '2026-04-29 14:09:07'),
	(52, 'PED-1777374815574', '4116', 0, 12, 0.000, 1.655, 12, '2026-04-29 14:10:17'),
	(53, 'PED-1777374815574', '4787', 0, 35, 0.000, 5.305, 28, '2026-04-29 14:13:35'),
	(54, 'PED-1777390698818', '2435', 0, 60, 0.000, 9.135, 60, '2026-04-29 14:20:28'),
	(55, 'PED-1777390698818', '4116', 0, 30, 0.000, 4.170, 30, '2026-04-29 14:22:39'),
	(56, 'PED-1777390698818', '1922', 0, 20, 0.000, 7.825, 20, '2026-04-29 14:25:41'),
	(57, 'PED-1777390698818', '4787', 0, 50, 0.000, 9.490, 50, '2026-04-29 14:27:42'),
	(58, 'PED-1777390698818', '3755', 0, 50, 0.000, 8.435, 50, '2026-04-29 14:30:04'),
	(59, 'PED-1777390698818', '8010', 0, 60, 0.000, 9.120, 60, '2026-04-29 14:32:45'),
	(60, 'PED-1777390698818', '2379', 0, 50, 0.000, 17.890, 50, '2026-04-29 14:36:20'),
	(61, 'PED-1777385852629', '2379', 0, 20, 0.000, 7.475, 20, '2026-04-29 14:43:07'),
	(62, 'PED-1777385852629', '4787', 0, 60, 0.000, 11.775, 60, '2026-04-29 14:44:38'),
	(63, 'PED-1777385852629', '3755', 0, 50, 0.000, 10.230, 60, '2026-04-29 14:48:43'),
	(64, 'PED-1777385852629', '2435', 0, 60, 0.000, 11.955, 60, '2026-04-29 14:53:53'),
	(65, 'PED-1777385852629', '8010', 0, 60, 0.000, 9.220, 60, '2026-04-29 14:57:21'),
	(66, 'PED-1777385852629', '1922', 0, 30, 0.000, 13.050, 30, '2026-04-29 14:59:47'),
	(67, 'PED-1777385852629', '2264', 0, 30, 0.000, 4.585, 29, '2026-04-29 15:03:24'),
	(68, 'PED-1777385852629', '8016', 0, 10, 0.000, 1.350, 10, '2026-04-29 15:04:53'),
	(69, 'PED-1777385852629', '2250', 0, 30, 0.000, 5.570, 30, '2026-04-29 15:09:01'),
	(70, 'PED-1777385852629', '7700', 0, 20, 0.000, 3.815, 20, '2026-04-29 15:11:43'),
	(71, 'PED-1777385852629', '8974', 0, 10, 0.000, 1.125, 10, '2026-04-29 15:14:51'),
	(72, 'PED-1777385852629', '4116', 0, 25, 0.000, 2.680, 21, '2026-04-29 15:16:55'),
	(73, 'PED-1777385852629', '5446', 0, 30, 0.000, 4.850, 30, '2026-04-29 15:19:26'),
	(74, 'PED-1777385852629', '6598', 0, 30, 0.000, 3.705, 29, '2026-04-29 15:22:00'),
	(75, 'PED-1777385852629', '2254', 0, 40, 0.000, 8.050, 40, '2026-04-29 15:25:46'),
	(76, 'PED-1777385852629', '2925', 0, 10, 0.000, 1.480, 10, '2026-04-29 15:28:46'),
	(77, 'PED-1777385852629', '6442', 0, 10, 0.000, 1.710, 10, '2026-04-29 15:30:43'),
	(78, 'PED-1777385852629', '6572', 0, 20, 0.000, 2.940, 20, '2026-04-29 15:31:35'),
	(79, 'PED-1777385852629', '7105', 0, 15, 0.000, 2.610, 15, '2026-04-29 15:36:00'),
	(80, 'PED-1777458847525', '7718', 0, 20, 0.000, 6.545, 17, '2026-04-29 15:57:11'),
	(81, 'PED-1777458847525', '1922', 0, 80, 0.000, 6.795, 17, '2026-04-29 15:59:32'),
	(82, 'PED-1777458847525', '7105', 0, 5, 0.000, 1.175, 7, '2026-04-29 16:10:30'),
	(83, 'PED-1777458847525', '2190', 0, 30, 0.000, 6.170, 30, '2026-04-29 16:13:06'),
	(84, 'PED-1777458847525', '8010', 0, 100, 0.000, 15.730, 100, '2026-04-29 16:18:35'),
	(85, 'PED-1777458847525', '1218', 0, 30, 0.000, 4.935, 30, '2026-04-29 16:20:50'),
	(86, 'PED-1777458847525', '2435', 0, 100, 0.000, 9.270, 49, '2026-04-29 16:23:53'),
	(87, 'PED-1777458847525', '6442', 0, 5, 0.000, 0.875, 5, '2026-04-29 16:27:16'),
	(88, 'PED-1777458847525', '2925', 0, 10, 0.000, 1.260, 10, '2026-04-29 16:28:42'),
	(89, 'PED-1777458847525', '8016', 0, 10, 0.000, 1.415, 10, '2026-04-29 16:30:18'),
	(90, 'PED-1777458847525', '2250', 0, 10, 0.000, 1.885, 10, '2026-04-29 16:30:58'),
	(91, 'PED-1777458847525', '2254', 0, 30, 0.000, 5.865, 30, '2026-04-29 16:32:28'),
	(92, 'PED-1777458847525', '6598', 0, 8, 0.000, 1.115, 8, '2026-04-29 16:34:11'),
	(93, 'PED-1777458847525', '4787', 0, 75, 0.000, 17.720, 75, '2026-04-29 16:37:38'),
	(94, 'PED-1777458847525', '3755', 0, 75, 0.000, 12.685, 75, '2026-04-29 16:40:58'),
	(95, 'PED-1777458847525', '7700', 20, 0, 0.000, 4.060, 20, '2026-04-29 16:42:49'),
	(96, 'PED-1777458847525', '8974', 8, 0, 0.000, 0.775, 7, '2026-04-29 16:44:19'),
	(97, 'PED-1777458847525', '4898', 0, 5, 0.000, 0.625, 5, '2026-04-29 16:47:39'),
	(98, 'PED-1777458847525', '4998', 0, 5, 0.000, 0.685, 5, '2026-04-29 16:50:05'),
	(99, 'PED-1777458847525', '2266', 0, 10, 0.000, 1.080, 9, '2026-04-29 16:55:46'),
	(100, 'PED-1777458847525', '2379', 0, 50, 0.000, 18.230, 48, '2026-04-29 17:09:15'),
	(101, 'PED-1777458847525', '2379', 0, 50, 0.000, 18.230, 48, '2026-04-29 17:09:42'),
	(102, 'PED-1777458847525', '2379', 0, 50, 0.000, 18.230, 48, '2026-04-29 17:09:49'),
	(103, 'PED-1777567235699', '3781', 0, 30, 0.000, 7.675, 30, '2026-05-02 11:15:02'),
	(104, 'PED-1777567235699', '3755', 0, 40, 0.000, 6.795, 40, '2026-05-02 11:30:01'),
	(105, 'PED-1777567235699', '6572', 0, 15, 0.000, 2.170, 15, '2026-05-02 11:35:05'),
	(106, 'PED-1777567235699', '6442', 0, 8, 0.000, 1.295, 8, '2026-05-02 12:21:30'),
	(107, 'PED-1777567235699', '8010', 0, 50, 0.000, 5.930, 40, '2026-05-02 12:48:37'),
	(108, 'PED-1777567235699', '7718', 0, 10, 0.000, 2.530, 10, '2026-05-02 12:54:08'),
	(109, 'PED-1777567235699', '4787', 0, 30, 0.000, 5.930, 30, '2026-05-02 13:01:13'),
	(110, 'PED-1777567235699', '4116', 0, 20, 0.000, 3.125, 20, '2026-05-02 13:08:24'),
	(111, 'PED-1777567235699', '1218', 0, 25, 0.000, 4.245, 27, '2026-05-02 13:14:29'),
	(112, 'PED-1777567235699', '2435', 0, 40, 0.000, 7.235, 40, '2026-05-02 13:18:48'),
	(113, 'PED-1777567235699', '2379', 0, 40, 0.000, 14.885, 40, '2026-05-02 13:23:21'),
	(114, 'PED-1777724753456', '2422', 0, 15, 0.000, 4.690, 15, '2026-05-02 13:41:46'),
	(115, 'PED-1777724753456', '6572', 0, 20, 0.000, 2.900, 20, '2026-05-02 13:45:33'),
	(116, 'PED-1777724753456', '3755', 0, 25, 0.000, 3.860, 25, '2026-05-02 13:55:26'),
	(117, 'PED-1777724753456', '2420', 0, 30, 0.000, 7.590, 30, '2026-05-02 14:02:01'),
	(118, 'PED-1777724753456', '2379', 0, 20, 0.000, 7.480, 20, '2026-05-02 14:12:34'),
	(119, 'PED-1777724158494', '2422', 0, 60, 0.000, 18.540, 60, '2026-05-02 14:38:21'),
	(120, 'PED-1777724158494', '2420', 0, 40, 0.000, 9.775, 40, '2026-05-02 14:47:04'),
	(121, 'PED-1777724158494', '7105', 0, 5, 0.000, 0.955, 5, '2026-05-02 15:20:30'),
	(122, 'PED-1777724158494', '2190', 0, 12, 0.000, 2.095, 12, '2026-05-02 15:22:04'),
	(123, 'PED-1777724158494', '8010', 0, 80, 0.000, 10.825, 74, '2026-05-02 15:25:54'),
	(124, 'PED-1777724158494', '2435', 0, 120, 0.000, 11.690, 62, '2026-05-02 15:32:56'),
	(125, 'PED-1777724158494', '2379', 0, 80, 0.000, 23.020, 60, '2026-05-02 15:38:08'),
	(126, 'PED-1777724158494', '6442', 0, 10, 0.000, 1.750, 10, '2026-05-02 15:39:49'),
	(127, 'PED-1777724158494', '3817', 0, 12, 0.000, 1.920, 12, '2026-05-02 15:42:54'),
	(128, 'PED-1777724158494', '6152', 0, 25, 0.000, 3.070, 26, '2026-05-02 15:46:18'),
	(129, 'PED-1777724158494', '2925', 0, 12, 0.000, 1.565, 12, '2026-05-02 15:48:33'),
	(130, 'PED-1777724158494', '3781', 0, 75, 0.000, 4.505, 18, '2026-05-02 15:57:44'),
	(131, 'PED-1777724158494', '8016', 0, 12, 0.000, 1.680, 12, '2026-05-02 15:59:22'),
	(132, 'PED-1777724158494', '2254', 0, 25, 0.000, 4.720, 25, '2026-05-02 16:08:17'),
	(133, 'PED-1777724158494', '6598', 0, 15, 0.000, 2.100, 15, '2026-05-02 16:10:06'),
	(134, 'PED-1777724158494', '4787', 0, 60, 0.000, 11.050, 60, '2026-05-02 16:15:29'),
	(135, 'PED-1777724158494', '3755', 0, 60, 0.000, 9.850, 58, '2026-05-02 16:19:25'),
	(136, 'PED-1777722731622', '2420', 0, 50, 0.000, 7.920, 32, '2026-05-02 16:30:37'),
	(137, 'PED-1777722731622', '7105', 0, 10, 0.000, 1.685, 10, '2026-05-02 16:31:35'),
	(138, 'PED-1777722731622', '2190', 0, 10, 0.000, 1.775, 10, '2026-05-02 16:34:01'),
	(139, 'PED-1777722731622', '8010', 0, 50, 0.000, 3.440, 23, '2026-05-02 16:35:33'),
	(140, 'PED-1777722731622', '2435', 0, 50, 0.000, 3.550, 22, '2026-05-02 16:40:14'),
	(141, 'PED-1777722731622', '2187', 1, 0, 2.310, 0.000, 0, '2026-05-02 16:42:10'),
	(142, 'PED-1777722731622', '6572', 0, 25, 0.000, 3.815, 25, '2026-05-02 16:42:13'),
	(143, 'PED-1777722731622', '5048', 1, 0, 4.058, 0.000, 0, '2026-05-02 16:43:20'),
	(144, 'PED-1777722731622', '2381', 1, 0, 1.104, 0.000, 0, '2026-05-02 16:43:53'),
	(145, 'PED-1777722731622', '3817', 1, 20, 0.000, 0.760, 5, '2026-05-02 16:44:17'),
	(146, 'PED-1777722731622', '1611', 1, 0, 1.496, 0.000, 0, '2026-05-02 16:44:55'),
	(147, 'PED-1777722731622', '6152', 0, 30, 0.000, 1.845, 15, '2026-05-02 16:45:16'),
	(148, 'PED-1777722731622', '2925', 1, 5, 0.000, 0.645, 5, '2026-05-02 16:48:19'),
	(149, 'PED-1777722731622', '6011', 6, 0, 5.768, 0.000, 0, '2026-05-02 16:48:44'),
	(150, 'PED-1777722731622', '2250', 0, 120, 0.000, 10.825, 60, '2026-05-02 16:50:53'),
	(151, 'PED-1777722731622', '2254', 0, 40, 0.000, 4.505, 23, '2026-05-02 16:52:20'),
	(152, 'PED-1777722731622', '5076', 24, 0, 3.306, 0.000, 0, '2026-05-02 16:53:53'),
	(153, 'PED-1777722731622', '4787', 0, 45, 0.000, 8.595, 45, '2026-05-02 16:53:54'),
	(154, 'PED-1777722731622', '5446', 0, 20, 0.000, 2.460, 15, '2026-05-02 16:54:44'),
	(155, 'PED-1777722731622', '5075', 24, 0, 3.346, 0.000, 0, '2026-05-02 16:54:44'),
	(156, 'PED-1777722731622', '3755', 0, 15, 0.000, 2.420, 15, '2026-05-02 16:55:58'),
	(157, 'PED-1777722731622', '4116', 0, 20, 0.000, 3.410, 20, '2026-05-02 16:56:26'),
	(158, 'PED-1777722731622', '5052', 2, 0, 11.230, 0.000, 0, '2026-05-02 16:56:46'),
	(159, 'PED-1777722731622', '7700', 0, 15, 0.000, 2.775, 15, '2026-05-02 16:57:04'),
	(160, 'PED-1777722731622', '2925', 1, 5, 2.550, 0.000, 0, '2026-05-02 16:58:54'),
	(161, 'PED-1777722731622', '3817', 1, 20, 2.810, 0.000, 0, '2026-05-02 16:59:05'),
	(162, 'PED-1777722731622', '2912', 3, 45, 16.140, 0.000, 0, '2026-05-02 16:59:39'),
	(163, 'PED-1777722731622', '3781', 3, 45, 16.120, 0.000, 0, '2026-05-02 17:00:01'),
	(165, 'PED-1777895667295', '2422', 0, 30, 0.000, 13.540, 45, '2026-05-04 12:06:33'),
	(166, 'PED-1777895667295', '2379', 0, 30, 0.000, 22.550, 60, '2026-05-04 12:08:13'),
	(167, 'PED-1777895667295', '2435', 0, 70, 0.000, 10.625, 76, '2026-05-04 12:35:24'),
	(168, 'PED-1777895667295', '8010', 0, 30, 0.000, 4.565, 30, '2026-05-04 13:09:15'),
	(169, 'PED-1777895667295', '2925', 0, 12, 0.000, 0.980, 7, '2026-05-04 17:15:01'),
	(170, 'PED-1777895667295', '3755', 0, 40, 0.000, 5.765, 34, '2026-05-04 17:17:16'),
	(171, 'PED-1777895667295', '4116', 0, 15, 0.000, 2.485, 15, '2026-05-04 17:19:01'),
	(172, 'PED-1777895667295', '1922', 0, 20, 0.000, 9.760, 27, '2026-05-04 17:23:47'),
	(173, 'PED-1777995557518', '3817', 0, 29, 0.000, 4.320, 20, '2026-05-06 10:14:29'),
	(174, 'PED-1777995557518', '6572', 0, 15, 0.000, 2.240, 15, '2026-05-06 10:20:07'),
	(175, 'PED-1777995557518', '5446', 0, 15, 0.000, 2.400, 15, '2026-05-06 10:27:23'),
	(176, 'PED-1777995557518', '3781', 0, 50, 0.000, 8.405, 50, '2026-05-06 10:36:09'),
	(177, 'PED-1777995557518', '1541', 0, 5, 0.000, 0.650, 4, '2026-05-06 10:36:51'),
	(178, 'PED-1777995557518', '3755', 0, 40, 0.000, 6.575, 40, '2026-05-06 10:48:50'),
	(179, 'PED-1777995557518', '2190', 0, 10, 0.000, 1.845, 10, '2026-05-06 10:51:22'),
	(180, 'PED-1777995557518', '4787', 0, 20, 0.000, 3.995, 20, '2026-05-06 11:02:08'),
	(181, 'PED-1777995557518', '8010', 0, 60, 0.000, 8.150, 60, '2026-05-06 11:10:06'),
	(182, 'PED-1777995557518', '2435', 0, 50, 0.000, 8.935, 50, '2026-05-06 11:18:03'),
	(183, 'PED-1777995557518', '1806', 0, 5, 0.000, 0.905, 6, '2026-05-06 11:21:12'),
	(184, 'PED-1777995557518', '2424', 0, 10, 0.000, 2.660, 10, '2026-05-06 11:22:47'),
	(185, 'PED-1777995557518', '1922', 0, 50, 0.000, 17.380, 50, '2026-05-06 11:33:07'),
	(186, 'PED-1777995557518', '6055', 0, 30, 0.000, 3.225, 20, '2026-05-06 11:37:08'),
	(187, 'PED-1777995557518', '7718', 0, 15, 0.000, 4.005, 15, '2026-05-06 11:43:01'),
	(188, 'PED-1777995557518', '2379', 0, 50, 0.000, 17.770, 48, '2026-05-06 11:51:40'),
	(189, 'PED-1777995557518', '1218', 0, 25, 0.000, 3.560, 25, '2026-05-06 12:00:03'),
	(190, 'PED-1777995557518', '2422', 0, 50, 0.000, 17.490, 40, '2026-05-06 12:08:46'),
	(191, 'PED-1777986449854', '1218', 0, 10, 0.000, 1.395, 10, '2026-05-06 12:13:03'),
	(192, 'PED-1777986449854', '3817', 0, 15, 0.000, 3.375, 15, '2026-05-06 12:15:23'),
	(193, 'PED-1777986449854', '2435', 0, 50, 0.000, 8.630, 50, '2026-05-06 12:18:45'),
	(194, 'PED-1777986449854', '4116', 0, 15, 0.000, 2.110, 15, '2026-05-06 12:21:15'),
	(195, 'PED-1777986449854', '4787', 0, 10, 0.000, 2.000, 10, '2026-05-06 12:23:42'),
	(196, 'PED-1777986449854', '2190', 0, 4, 0.000, 0.770, 4, '2026-05-06 12:25:06'),
	(197, 'PED-1777986449854', '7105', 0, 4, 0.000, 0.685, 4, '2026-05-06 12:31:25'),
	(198, 'PED-1777986449854', '3755', 0, 50, 0.000, 8.815, 50, '2026-05-06 12:37:29'),
	(199, 'PED-1777986449854', '2379', 0, 20, 0.000, 8.770, 20, '2026-05-06 12:44:21'),
	(200, 'PED-1777995557518', '2420', 0, 30, 0.000, 5.515, 30, '2026-05-06 12:49:38'),
	(201, 'PED-1777986449854', '2420', 0, 50, 0.000, 5.535, 30, '2026-05-06 12:53:46'),
	(202, 'PED-1777986449854', '2264', 0, 10, 0.000, 1.255, 10, '2026-05-06 12:57:26'),
	(203, 'PED-1777995557518', '2914', 0, 25, 0.000, 4.930, 25, '2026-05-06 12:59:36'),
	(204, 'PED-1777984909643', '7718', 0, 20, 0.000, 5.040, 20, '2026-05-06 13:04:56'),
	(205, 'PED-1777986449854', '2422', 0, 40, 0.000, 12.110, 29, '2026-05-06 13:06:23'),
	(206, 'PED-1777984909643', '5076', 12, 0, 1.744, 0.000, 0, '2026-05-06 13:09:31'),
	(207, 'PED-1777984909643', '5075', 12, 0, 1.595, 0.000, 0, '2026-05-06 13:11:23'),
	(208, 'PED-1777986449854', '1922', 0, 40, 0.000, 14.790, 40, '2026-05-06 13:14:32'),
	(209, 'PED-1777986449854', '2925', 0, 5, 0.000, 0.670, 5, '2026-05-06 13:20:49'),
	(210, 'PED-1777995557518', '2912', 0, 30, 0.000, 5.035, 30, '2026-05-06 13:26:14'),
	(211, 'PED-1777984909643', '7105', 0, 20, 0.000, 3.300, 18, '2026-05-06 13:31:26'),
	(212, 'PED-1777982201696', '8010', 0, 50, 0.000, 7.770, 50, '2026-05-06 13:32:03'),
	(213, 'PED-1777982201696', '6152', 0, 16, 0.000, 2.265, 16, '2026-05-06 13:34:35'),
	(214, 'PED-1777984909643', '1922', 0, 50, 0.000, 18.660, 50, '2026-05-06 13:36:10'),
	(215, 'PED-1777984909643', '8010', 0, 50, 0.000, 7.475, 50, '2026-05-06 13:37:17'),
	(216, 'PED-1777982201696', '1218', 0, 75, 0.000, 6.320, 45, '2026-05-06 13:37:25'),
	(217, 'PED-1777984909643', '2190', 0, 15, 0.000, 2.620, 15, '2026-05-06 13:38:57'),
	(218, 'PED-1777982201696', '4787', 0, 35, 0.000, 6.630, 35, '2026-05-06 13:40:21'),
	(219, 'PED-1777984909643', '1218', 0, 50, 0.000, 6.760, 41, '2026-05-06 13:42:29'),
	(220, 'PED-1777982201696', '2912', 0, 35, 0.000, 5.750, 35, '2026-05-06 13:44:56'),
	(221, 'PED-1777984909643', '2435', 0, 50, 0.000, 8.510, 50, '2026-05-06 13:45:08'),
	(222, 'PED-1777982201696', '2435', 0, 75, 0.000, 11.480, 65, '2026-05-06 13:49:45'),
	(223, 'PED-1777982201696', '3755', 0, 35, 0.000, 5.910, 35, '2026-05-06 13:52:58'),
	(224, 'PED-1777982201696', '4116', 0, 12, 0.000, 1.745, 12, '2026-05-06 13:54:39'),
	(225, 'PED-1777984909643', '2379', 0, 50, 0.000, 19.200, 50, '2026-05-06 13:54:49'),
	(226, 'PED-1777984909643', '6572', 0, 20, 0.000, 2.500, 17, '2026-05-06 13:56:39'),
	(227, 'PED-1777984909643', '3817', 0, 20, 0.000, 2.965, 15, '2026-05-06 13:58:15'),
	(228, 'PED-1777982201696', '2379', 0, 70, 0.000, 15.550, 40, '2026-05-06 13:58:37'),
	(229, 'PED-1777984909643', '8016', 0, 5, 0.000, 0.725, 5, '2026-05-06 14:00:14'),
	(230, 'PED-1777984909643', '2925', 0, 5, 0.000, 0.685, 5, '2026-05-06 14:00:51'),
	(231, 'PED-1777984909643', '6152', 0, 25, 0.000, 1.775, 13, '2026-05-06 14:02:44'),
	(232, 'PED-1777982201696', '2422', 0, 80, 0.000, 9.155, 25, '2026-05-06 14:04:19'),
	(233, 'PED-1777984909643', '3755', 0, 45, 0.000, 7.415, 45, '2026-05-06 14:06:22'),
	(234, 'PED-1777984909643', '3781', 0, 45, 0.000, 9.095, 45, '2026-05-06 14:08:35'),
	(235, 'PED-1777984909643', '4787', 0, 40, 0.000, 7.345, 40, '2026-05-06 14:09:05'),
	(236, 'PED-1777984909643', '2912', 0, 45, 0.000, 7.280, 45, '2026-05-06 14:10:31'),
	(237, 'PED-1777984909643', '5446', 0, 15, 0.000, 2.295, 15, '2026-05-06 14:10:59'),
	(238, 'PED-1777984909643', '2250', 0, 15, 0.000, 2.195, 12, '2026-05-06 14:12:00'),
	(239, 'PED-1777984909643', '4116', 0, 20, 0.000, 3.015, 20, '2026-05-06 14:13:00'),
	(240, 'PED-1777984909643', '7700', 0, 15, 0.000, 1.820, 10, '2026-05-06 14:13:52'),
	(241, 'PED-1777984909643', '8974', 0, 5, 0.000, 0.565, 5, '2026-05-06 14:15:15'),
	(242, 'PED-1777984909643', '5072', 1, 0, 2.610, 0.000, 0, '2026-05-06 14:16:02'),
	(243, 'PED-1777993402989', '2424', 0, 15, 0.000, 1.535, 6, '2026-05-06 14:27:08'),
	(244, 'PED-1777993402989', '4929', 0, 10, 0.000, 3.670, 10, '2026-05-06 14:29:54'),
	(245, 'PED-1777993402989', '2190', 0, 15, 0.000, 2.750, 15, '2026-05-06 14:32:13'),
	(246, 'PED-1777993402989', '2914', 0, 20, 0.000, 3.600, 20, '2026-05-06 14:35:02'),
	(247, 'PED-1777993402989', '6152', 0, 20, 0.000, 2.735, 20, '2026-05-06 14:36:03'),
	(248, 'PED-1777993402989', '8010', 0, 60, 0.000, 8.075, 60, '2026-05-06 14:39:29'),
	(249, 'PED-1777993402989', '3755', 0, 60, 0.000, 10.320, 60, '2026-05-06 14:42:54'),
	(250, 'PED-1777993402989', '2435', 0, 70, 0.000, 9.475, 70, '2026-05-06 14:47:21'),
	(251, 'PED-1777993402989', '3781', 0, 50, 0.000, 9.955, 50, '2026-05-06 14:49:49'),
	(252, 'PED-1777993402989', '5409', 0, 10, 0.000, 2.005, 11, '2026-05-06 14:53:21'),
	(253, 'PED-1777993402989', '2379', 0, 20, 0.000, 7.755, 20, '2026-05-06 14:57:36'),
	(254, 'PED-1777993402989', '5446', 0, 20, 0.000, 3.140, 20, '2026-05-06 15:00:46'),
	(255, 'PED-1777993402989', '4787', 0, 50, 0.000, 9.265, 50, '2026-05-06 15:02:31'),
	(256, 'PED-1777993402989', '4116', 0, 20, 0.000, 2.980, 20, '2026-05-06 15:03:53'),
	(257, 'PED-1777993402989', '8974', 0, 10, 0.000, 1.135, 10, '2026-05-06 15:06:24'),
	(258, 'PED-1778061768853', '7718', 0, 40, 0.000, 5.625, 22, '2026-05-06 15:13:33'),
	(259, 'PED-1778061768853', '1922', 0, 90, 0.000, 21.630, 61, '2026-05-06 15:15:41'),
	(260, 'PED-1778061768853', '2420', 0, 90, 0.000, 5.315, 29, '2026-05-06 15:17:22'),
	(261, 'PED-1778061768853', '7105', 0, 30, 0.000, 5.865, 30, '2026-05-06 15:19:27'),
	(262, 'PED-1778061768853', '2190', 0, 30, 0.000, 1.980, 11, '2026-05-06 15:20:17'),
	(263, 'PED-1778061768853', '8010', 0, 90, 0.000, 13.970, 90, '2026-05-06 15:26:34'),
	(264, 'PED-1778061768853', '2379', 0, 70, 0.000, 25.830, 70, '2026-05-06 15:27:10'),
	(265, 'PED-1778061768853', '3781', 0, 70, 0.000, 12.905, 71, '2026-05-06 15:30:26'),
	(266, 'PED-1778061768853', '2912', 0, 60, 0.000, 2.545, 16, '2026-05-06 15:31:36'),
	(267, 'PED-1778061768853', '4787', 0, 70, 0.000, 12.990, 74, '2026-05-06 15:33:46'),
	(268, 'PED-1778061768853', '5446', 0, 30, 0.000, 0.955, 6, '2026-05-06 15:34:22'),
	(269, 'PED-1778061768853', '4116', 0, 40, 0.000, 0.745, 5, '2026-05-06 15:34:49'),
	(270, 'PED-1778061768853', '3755', 0, 70, 0.000, 12.560, 75, '2026-05-06 15:37:25');

-- Volcando datos para la tabla cdf_app.procesos: ~0 rows (aproximadamente)

-- Volcando datos para la tabla cdf_app.produccion_envasados: ~47 rows (aproximadamente)
REPLACE INTO `produccion_envasados` (`id_envasado`, `codigo_producto`, `cantidad`, `peso`, `envasador`, `fecha`) VALUES
	(1, '2925', 36, 4.485, 'Sistema', '2026-04-28 15:38:30'),
	(2, '3781', 62, 10.165, 'Sistema', '2026-04-28 15:43:56'),
	(3, '1218', 132, 20.390, 'Sistema', '2026-04-28 16:20:15'),
	(4, '1922', 52, 19.370, 'Sistema', '2026-04-28 16:54:31'),
	(5, '4787', 118, 21.930, 'Sistema', '2026-04-28 17:11:40'),
	(6, '7700', 56, 10.580, 'Sistema', '2026-04-29 10:33:50'),
	(7, '6572', 145, 20.275, 'Sistema', '2026-04-29 11:08:58'),
	(8, '5446', 56, 8.750, 'Sistema', '2026-04-29 11:48:25'),
	(9, '2250', 74, 12.630, 'Sistema', '2026-04-29 11:48:52'),
	(10, '6055', 20, 3.105, 'Sistema', '2026-04-29 13:11:01'),
	(11, '4116', 88, 11.195, 'Sistema', '2026-04-29 13:24:44'),
	(12, '2254', 118, 22.475, 'Sistema', '2026-04-29 13:25:16'),
	(13, '2250', 68, 12.365, 'Sistema', '2026-04-29 14:32:17'),
	(14, '4787', 117, 22.290, 'Sistema', '2026-04-29 14:44:26'),
	(15, '6598', 87, 10.925, 'Sistema', '2026-04-29 15:40:50'),
	(16, '4116', 72, 11.245, 'Sistema', '2026-04-29 16:07:29'),
	(17, '4787', 96, 21.895, 'Sistema', '2026-04-29 16:07:52'),
	(18, '2264', 29, 4.400, 'Sistema', '2026-04-29 16:08:42'),
	(19, '2379', 52, 18.545, 'Sistema', '2026-04-29 16:10:41'),
	(20, '2435', 102, 18.505, 'Sistema', '2026-04-29 16:28:53'),
	(21, '2379', 48, 17.960, 'Sistema', '2026-04-29 17:11:10'),
	(22, '2379', 60, 22.480, 'Sistema', '2026-05-02 10:50:20'),
	(23, '2422', 82, 25.040, 'Sistema', '2026-05-02 11:14:15'),
	(24, '6442', 15, 2.425, 'Sistema', '2026-05-02 12:22:01'),
	(25, '3755', 137, 22.660, 'Sistema', '2026-05-02 13:21:02'),
	(26, '2422', 68, 20.570, 'Sistema', '2026-05-02 13:21:23'),
	(27, '2420', 134, 33.330, 'Sistema', '2026-05-02 14:05:58'),
	(28, '3817', 17, 2.602, 'Sistema', '2026-05-02 14:52:03'),
	(29, '6152', 60, 7.123, 'Sistema', '2026-05-02 15:10:03'),
	(30, '4787', 93, 16.305, 'Sistema', '2026-05-02 15:13:21'),
	(31, '7105', 19, 3.125, 'Sistema', '2026-05-02 15:29:28'),
	(32, '8010', 23, 3.332, 'Sistema', '2026-05-02 15:44:16'),
	(33, '2435', 22, 3.494, 'Sistema', '2026-05-02 15:51:02'),
	(34, '2379', 60, 23.020, 'Sistema', '2026-05-02 15:56:42'),
	(35, '2435', 23, 3.614, 'Sistema', '2026-05-02 16:46:53'),
	(36, '7718', 169, 44.895, 'Sistema', '2026-05-04 12:27:47'),
	(37, '2435', 76, 10.365, 'Sistema', '2026-05-04 13:04:18'),
	(38, '8010', 111, 17.005, 'Sistema', '2026-05-04 14:16:51'),
	(39, '2379', 60, 22.130, 'Sistema', '2026-05-04 14:18:39'),
	(40, '2435', 235, 39.955, 'Sistema', '2026-05-04 15:59:17'),
	(41, '2379', 60, 22.090, 'Sistema', '2026-05-04 16:04:15'),
	(42, '2379', 60, 22.710, 'Sistema', '2026-05-04 17:15:08'),
	(43, '8010', 249, 34.180, 'Sistema', '2026-05-04 17:53:27'),
	(44, '1922', 27, 9.705, 'Sistema', '2026-05-04 17:53:46'),
	(45, '3755', 204, 32.985, 'Sistema', '2026-05-05 11:16:23'),
	(46, '1922', 56, 19.320, 'Sistema', '2026-05-05 11:51:28'),
	(47, '2435', 79, 10.280, 'Sistema', '2026-05-05 11:51:56'),
	(48, '2422', 70, 28.330, 'Sistema', '2026-05-05 13:36:39'),
	(49, '1922', 201, 52.175, 'Sistema', '2026-05-05 14:37:51'),
	(50, '4787', 129, 22.305, 'Sistema', '2026-05-05 15:38:47'),
	(51, '3781', 245, 44.910, 'Sistema', '2026-05-05 15:52:22'),
	(52, '3755', 102, 16.429, 'Sistema', '2026-05-05 16:51:19'),
	(53, '3781', 121, 20.225, 'Sistema', '2026-05-05 17:17:31'),
	(54, '4787', 90, 16.858, 'Sistema', '2026-05-05 17:39:29'),
	(55, '3817', 50, 10.475, 'Sistema', '2026-05-05 17:52:37'),
	(56, '6152', 55, 7.205, 'Sistema', '2026-05-06 10:49:32'),
	(57, '5446', 56, 8.490, 'Sistema', '2026-05-06 11:02:18'),
	(58, '2424', 16, 4.115, 'Sistema', '2026-05-06 11:20:58'),
	(59, '4929', 48, 17.260, 'Sistema', '2026-05-06 11:27:33'),
	(60, '2440', 38, 11.645, 'Sistema', '2026-05-06 11:42:27'),
	(61, '4116', 76, 10.902, 'Sistema', '2026-05-06 12:09:58'),
	(62, '1218', 102, 13.844, 'Sistema', '2026-05-06 12:22:05'),
	(63, '2420', 89, 15.880, 'Sistema', '2026-05-06 12:47:16'),
	(64, '2912', 127, 19.924, 'Sistema', '2026-05-06 13:38:57'),
	(65, '2925', 16, 2.081, 'Sistema', '2026-05-06 13:43:05'),
	(66, '7105', 18, 3.205, 'Sistema', '2026-05-06 13:43:42'),
	(67, '2914', 50, 9.297, 'Sistema', '2026-05-06 13:44:33');

-- Volcando datos para la tabla cdf_app.produccion_feteados: ~83 rows (aproximadamente)
REPLACE INTO `produccion_feteados` (`id_feteado`, `codigo_producto`, `peso_bruto`, `peso_decomiso`, `peso_recorte`, `peso_feteado`, `cantidad_bolsitas`, `feteador`, `fecha`) VALUES
	(3, '8010', 3.750, 0.200, 0.380, 3.170, 18, 'Juan', '2026-04-26 12:33:54'),
	(4, '8010', 3.780, 0.150, 0.350, 3.280, 18, 'Juan', '2026-04-26 12:37:48'),
	(5, '3755', 3.850, 0.170, 0.300, 3.380, 19, 'Juan', '2026-04-26 12:39:16'),
	(6, '3755', 3.650, 0.100, 0.320, 3.230, 19, 'Juan', '2026-04-26 12:39:59'),
	(7, '1218', 2.950, 0.175, 0.285, 2.490, 15, 'Juan', '2026-04-26 12:46:28'),
	(8, '3755', 3.750, 0.125, 0.320, 3.305, 17, 'Ulises', '2026-04-26 13:54:27'),
	(9, '1866', 1.800, 0.085, 0.125, 1.590, 15, 'Edgar', '2026-04-26 21:14:16'),
	(10, '5052', 3.710, 0.150, 0.380, 3.180, 15, 'Juan', '2026-04-27 02:22:56'),
	(11, '2435', 3.506, 0.550, 0.145, 2.811, 23, 'Juan', '2026-04-27 11:15:01'),
	(12, '2435', 3.565, 0.030, 0.210, 3.325, 25, 'Juan', '2026-04-27 11:30:03'),
	(13, '2190', 15.875, 0.065, 0.000, 15.810, 88, 'Mauricio', '2026-04-27 11:41:36'),
	(14, '2435', 10.657, 0.060, 0.490, 10.107, 69, 'Juan', '2026-04-27 12:07:46'),
	(15, '2435', 10.820, 0.160, 0.530, 10.130, 60, 'Juan', '2026-04-27 12:27:00'),
	(16, '2379', 22.270, 0.000, 0.000, 22.270, 60, 'Mauricio', '2026-04-27 12:42:48'),
	(17, '8010', 17.580, 0.100, 0.345, 17.135, 116, 'Ulises', '2026-04-27 12:55:27'),
	(18, '2435', 11.075, 0.100, 0.548, 10.427, 45, 'Juan', '2026-04-27 12:56:24'),
	(19, '3755', 17.660, 0.155, 0.800, 16.705, 101, 'Juan', '2026-04-27 13:41:58'),
	(20, '3755', 6.020, 0.090, 0.465, 5.465, 28, 'Juan', '2026-04-27 14:03:24'),
	(21, '2379', 21.860, 0.000, 0.000, 21.860, 60, 'Mauricio', '2026-04-27 14:04:18'),
	(22, '8010', 7.065, 0.050, 0.215, 6.800, 47, 'Ulises', '2026-04-27 14:08:08'),
	(23, '1922', 7.605, 0.000, 0.000, 7.605, 16, 'Ulises', '2026-04-27 17:01:02'),
	(24, '8010', 7.070, 0.050, 0.195, 6.825, 45, 'Ulises', '2026-04-27 17:10:41'),
	(25, '6442', 4.995, 0.120, 0.000, 4.875, 29, 'Mauricio', '2026-04-27 17:25:09'),
	(26, '3755', 12.030, 0.105, 0.695, 11.230, 69, 'Juan', '2026-04-27 17:26:30'),
	(27, '2379', 22.490, 0.000, 0.000, 22.490, 60, 'Mauricio', '2026-04-28 11:26:32'),
	(28, '8010', 17.660, 0.085, 0.390, 17.185, 113, 'Ulises', '2026-04-28 11:52:12'),
	(29, '3755', 24.080, 0.175, 1.335, 22.570, 138, 'Juan', '2026-04-28 11:56:27'),
	(30, '1922', 20.480, 0.000, 0.000, 20.480, 49, 'Mauricio', '2026-04-28 12:37:13'),
	(31, '3755', 11.585, 0.080, 0.735, 10.770, 65, 'Juan', '2026-04-28 12:56:06'),
	(32, '8010', 17.640, 0.085, 0.440, 17.115, 122, 'Ulises', '2026-04-28 13:16:41'),
	(33, '3781', 10.745, 0.090, 0.490, 10.165, 61, 'Juan', '2026-04-28 15:18:12'),
	(34, '1922', 19.230, 0.000, 0.000, 19.230, 51, 'Mauricio', '2026-04-28 15:18:28'),
	(35, '8016', 2.435, 0.040, 0.290, 2.105, 15, 'Juan', '2026-04-28 15:19:22'),
	(36, '2925', 4.830, 0.050, 0.295, 4.485, 36, 'Juan', '2026-04-28 15:20:33'),
	(37, '1218', 21.130, 0.200, 0.540, 20.390, 132, 'Ulises', '2026-04-28 15:45:13'),
	(38, '4787', 23.500, 0.215, 1.355, 21.930, 118, 'Juan', '2026-04-28 16:09:41'),
	(39, '1922', 19.370, 0.000, 0.000, 19.370, 52, 'Mauricio', '2026-04-28 16:18:50'),
	(40, '6572', 20.930, 0.115, 0.540, 20.275, 145, 'Ulises', '2026-04-28 17:15:17'),
	(41, '7700', 11.670, 0.135, 0.955, 10.580, 59, 'Juan', '2026-04-28 17:42:59'),
	(42, '2250', 13.630, 0.200, 0.800, 12.630, 74, 'Ulises', '2026-04-29 11:10:22'),
	(43, '5446', 9.765, 0.115, 0.900, 8.750, 55, 'Juan', '2026-04-29 11:14:36'),
	(44, '6055', 3.280, 0.055, 0.120, 3.105, 20, 'Ulises', '2026-04-29 11:29:59'),
	(45, '4116', 12.185, 0.320, 0.670, 11.195, 88, 'Juan', '2026-04-29 12:42:35'),
	(46, '2254', 24.210, 0.200, 1.535, 22.475, 118, 'Repo-Paladini', '2026-04-29 13:14:30'),
	(47, '2250', 13.610, 0.195, 1.050, 12.365, 68, 'Repo-Paladini', '2026-04-29 13:39:14'),
	(48, '4787', 11.940, 0.060, 0.785, 11.095, 58, 'Juan', '2026-04-29 13:49:38'),
	(49, '4787', 12.000, 0.185, 0.620, 11.195, 59, 'Juan', '2026-04-29 14:16:18'),
	(50, '2264', 4.715, 0.160, 0.155, 4.400, 29, 'Repo-Paladini', '2026-04-29 14:51:39'),
	(51, '6598', 11.790, 0.200, 0.665, 10.925, 87, 'Ulises', '2026-04-29 15:33:58'),
	(52, '2379', 17.890, 0.000, 0.000, 17.890, 52, 'Ulises', '2026-04-29 15:58:58'),
	(53, '4787', 23.870, 0.365, 1.610, 21.895, 96, 'Repo-Jotabe', '2026-04-29 16:00:13'),
	(54, '4116', 12.120, 0.385, 0.490, 11.245, 72, 'Repo-Jotabe', '2026-04-29 16:00:19'),
	(55, '2435', 19.875, 0.340, 1.030, 18.505, 102, 'Repo-Jotabe', '2026-04-29 16:14:20'),
	(56, '2379', 17.960, 0.000, 0.000, 17.960, 48, 'Ulises', '2026-04-29 17:04:56'),
	(57, '3755', 23.860, 0.210, 0.990, 22.660, 136, 'Juan', '2026-04-30 15:38:27'),
	(58, '2422', 25.040, 0.000, 0.000, 25.040, 82, 'Ulises', '2026-05-02 10:39:01'),
	(59, '2379', 22.480, 0.000, 0.000, 22.480, 60, 'Braian', '2026-05-02 10:49:07'),
	(60, '2422', 20.570, 0.000, 0.000, 20.570, 68, 'Ulises', '2026-05-02 11:34:41'),
	(61, '6442', 2.480, 0.055, 0.000, 2.425, 15, 'Mauricio', '2026-05-02 12:11:35'),
	(62, '4787', 17.969, 0.500, 1.164, 16.305, 95, 'Juan', '2026-05-02 12:15:38'),
	(63, '2420', 33.460, 0.130, 1.060, 33.330, 134, 'Ulises', '2026-05-02 13:26:25'),
	(64, '6152', 7.875, 0.258, 0.494, 7.123, 60, 'Juan', '2026-05-02 13:31:45'),
	(65, '3817', 2.810, 0.088, 0.120, 2.602, 17, 'Juan', '2026-05-02 14:16:26'),
	(66, '7105', 3.225, 0.100, 0.000, 3.125, 19, 'Braian', '2026-05-02 15:28:27'),
	(67, '2435', 3.728, 0.018, 0.216, 3.494, 22, 'Juan', '2026-05-02 15:31:29'),
	(68, '8010', 3.510, 0.016, 0.162, 3.332, 23, 'Juan', '2026-05-02 15:32:29'),
	(69, '2379', 23.020, 0.000, 0.000, 23.020, 60, 'Braian', '2026-05-02 15:56:22'),
	(70, '2435', 3.844, 0.035, 0.195, 3.614, 23, 'Juan', '2026-05-02 16:22:13'),
	(71, '7718', 44.895, 0.000, 0.000, 44.895, 169, 'Edgar', '2026-05-04 10:36:21'),
	(72, '2435', 11.145, 0.070, 0.710, 10.365, 75, 'Juan', '2026-05-04 12:16:01'),
	(73, '8010', 17.630, 0.120, 0.505, 17.005, 111, 'Ulises', '2026-05-04 12:42:41'),
	(74, '2379', 22.130, 0.000, 0.000, 22.130, 60, 'Braian', '2026-05-04 14:18:04'),
	(75, '8010', 17.685, 0.100, 0.415, 17.170, 119, 'Ulises', '2026-05-04 14:22:03'),
	(76, '2435', 42.550, 0.540, 2.055, 39.955, 235, 'Repo-Jotabe', '2026-05-04 15:55:55'),
	(77, '2379', 22.090, 0.000, 0.000, 22.090, 60, 'Braian', '2026-05-04 16:03:23'),
	(78, '2435', 10.875, 0.050, 0.545, 10.280, 79, 'Juan', '2026-05-04 16:17:07'),
	(79, '8010', 17.650, 0.090, 0.550, 17.010, 132, 'Ulises', '2026-05-04 16:25:43'),
	(80, '2379', 22.710, 0.000, 0.000, 22.710, 60, 'Braian', '2026-05-04 17:14:47'),
	(81, '1922', 9.705, 0.000, 0.000, 9.705, 27, 'Ulises', '2026-05-04 17:35:54'),
	(82, '3755', 35.600, 0.280, 2.335, 32.985, 204, 'Repo-Jotabe', '2026-05-05 11:03:20'),
	(83, '1922', 19.320, 0.000, 0.000, 19.320, 56, 'Mauricio', '2026-05-05 11:12:55'),
	(84, '1922', 19.590, 0.000, 0.000, 19.590, 55, 'Mauricio', '2026-05-05 12:03:56'),
	(85, '3755', 17.630, 0.141, 1.060, 16.429, 101, 'Juan', '2026-05-05 12:16:51'),
	(86, '3781', 26.800, 0.225, 1.700, 24.875, 142, 'Ulises', '2026-05-05 13:05:17'),
	(87, '1922', 19.630, 0.000, 0.000, 19.630, 53, 'Mauricio', '2026-05-05 13:12:54'),
	(88, '2422', 28.330, 0.000, 0.000, 28.330, 70, 'Braian', '2026-05-05 13:36:13'),
	(89, '3781', 21.180, 0.355, 0.790, 20.035, 103, 'Repo-Recreo', '2026-05-05 13:47:32'),
	(90, '1922', 12.955, 0.000, 0.000, 12.955, 37, 'Mauricio', '2026-05-05 14:15:44'),
	(91, '4787', 24.220, 0.370, 1.545, 22.305, 129, 'Juan', '2026-05-05 14:26:39'),
	(92, '2440', 11.645, 0.000, 0.000, 11.645, 38, 'Mauricio', '2026-05-05 15:36:50'),
	(93, '4787', 18.340, 0.216, 1.266, 16.858, 90, 'Juan', '2026-05-05 16:02:09'),
	(94, '3781', 21.390, 0.210, 0.955, 20.225, 120, 'Ulises', '2026-05-05 16:04:10'),
	(95, '2420', 16.410, 0.110, 0.420, 15.880, 89, 'Repo-Tregar', '2026-05-05 16:14:07'),
	(96, '4929', 17.260, 0.000, 0.000, 17.260, 48, 'Mauricio', '2026-05-05 16:34:29'),
	(97, '3817', 11.225, 0.070, 0.680, 10.475, 50, 'Mauricio', '2026-05-05 17:23:58'),
	(98, '5446', 9.615, 0.155, 0.970, 8.490, 55, 'Juan', '2026-05-05 17:27:23'),
	(99, '6152', 7.815, 0.195, 0.415, 7.205, 55, 'Repo-Tregar', '2026-05-05 17:51:30'),
	(100, '2424', 4.115, 0.000, 0.000, 4.115, 16, 'Braian', '2026-05-06 11:20:25'),
	(101, '1218', 14.130, 0.060, 0.226, 13.844, 102, 'Ulises', '2026-05-06 11:31:59'),
	(102, '4116', 11.790, 0.320, 0.568, 10.902, 76, 'Mauricio', '2026-05-06 11:34:22'),
	(103, '2914', 10.275, 0.176, 0.802, 9.297, 50, 'Mauricio', '2026-05-06 12:43:20'),
	(104, '2912', 21.410, 0.220, 1.266, 19.924, 127, 'Ulises', '2026-05-06 13:07:37'),
	(105, '2925', 2.205, 0.012, 0.112, 2.081, 16, 'Ulises', '2026-05-06 13:21:40'),
	(106, '7105', 3.220, 0.015, 0.000, 3.205, 18, 'Mauricio', '2026-05-06 13:25:13'),
	(107, '5409', 2.005, 0.000, 0.000, 2.005, 11, 'Ulises', '2026-05-06 14:56:42'),
	(108, '8974', 3.500, 0.095, 0.495, 2.910, 27, 'Mauricio', '2026-05-06 15:44:23'),
	(109, '7105', 9.730, 0.055, 0.000, 9.675, 50, 'Mauricio', '2026-05-06 15:45:33'),
	(110, '2379', 23.250, 0.000, 0.000, 23.250, 60, 'Mauricio', '2026-05-06 15:45:55'),
	(111, '2379', 22.830, 0.000, 0.000, 22.830, 60, 'Mauricio', '2026-05-06 15:46:40');

-- Volcando datos para la tabla cdf_app.productos: ~208 rows (aproximadamente)
REPLACE INTO `productos` (`id_producto`, `codigo_interno`, `descripcion`, `categoria`, `stock`, `codigo_proveedor`, `id`, `codigo`, `feteable`, `kilos_por_bolsita`, `nombre`, `picable`, `proveedor_id`) VALUES
	(1, '3102', 'FIAM CANCIANI SALAME BASTON X KG', 'FIAM', 0.000, NULL, 0, '', b'0', NULL, '', b'0', NULL),
	(2, '2257', 'FIAM MAGRET JAMON CRUDO XKG', 'FIAM', 0.000, NULL, 0, '', b'0', NULL, '', b'0', NULL),
	(3, '9842', 'FIQU ALLOA AHUMADO HORMA X KG', 'FIQU', 0.000, NULL, 0, '', b'0', NULL, '', b'0', NULL),
	(4, '2905', 'FIQU ALLOA AJO Y PIMIENTA HORMA X KG', 'FIQU', 0.000, NULL, 0, '', b'0', NULL, '', b'0', NULL),
	(5, '8813', 'FIQU ALLOA ARABE HORMA XKG', 'FIQU', 0.000, NULL, 0, '', b'0', NULL, '', b'0', NULL),
	(6, '3841', 'FIQU ALLOA AZUL AHUMADO XKG', 'FIQU', 0.000, NULL, 0, '', b'0', NULL, '', b'0', NULL),
	(7, '5221', 'FIQU ALLOA AZUL MALBEC  XKG', 'FIQU', 0.000, NULL, 0, '', b'0', NULL, '', b'0', NULL),
	(8, '3782', 'FIQU ALLOA AZUL XKG', 'FIQU', 0.000, NULL, 0, '', b'0', NULL, '', b'0', NULL),
	(9, '3865', 'FIQU ALLOA GORGONZOLA XKG', 'FIQU', 0.000, NULL, 0, '', b'0', NULL, '', b'0', NULL),
	(10, '8375', 'FIQU ALLOA PESTO HORMA XKG', 'FIQU', 0.000, NULL, 0, '', b'0', NULL, '', b'0', NULL),
	(11, '6878', 'FIAM C.AUSTRAL JAM COCIDO X KG.', 'FIAM', 0.000, NULL, 0, '', b'0', NULL, '', b'0', NULL),
	(12, '6910', 'FIAM C.AUSTRAL PALETA DE CERDO X KG', 'FIAM', 0.000, NULL, 0, '', b'0', NULL, '', b'0', NULL),
	(13, '6925', 'FIAM C.AUSTRAL PEPPERONI X KG', 'FIAM', 0.000, NULL, 0, '', b'0', NULL, '', b'0', NULL),
	(14, '6951', 'FIAM C.AUSTRAL SALAME MILAN X KG', 'FIAM', 0.000, NULL, 0, '', b'0', NULL, '', b'0', NULL),
	(15, '662269', 'ADER KANSAS BARBACOA 455X', 'ADER', 0.000, NULL, 0, '', b'0', NULL, '', b'0', NULL),
	(16, '666047', 'ADER KANSAS HONEY MUSTARD 280X', 'ADER', 0.000, NULL, 0, '', b'0', NULL, '', b'0', NULL),
	(17, '662270', 'ADER KANSAS HONEY MUSTARD 410X', 'ADER', 0.000, NULL, 0, '', b'0', NULL, '', b'0', NULL),
	(18, '666045', 'ADER KANSAS AIOLI SAUCE 265X', 'ADER', 0.000, NULL, 0, '', b'0', NULL, '', b'0', NULL),
	(19, '665887', 'ADER KANSAS CAESAR 370X', 'ADER', 0.000, NULL, 0, '', b'0', NULL, '', b'0', NULL),
	(20, '666046', 'ADER KANSAS BARBACOA 295X', 'ADER', 0.000, NULL, 0, '', b'0', NULL, '', b'0', NULL),
	(21, '662273', 'ADER KANSAS AMERICAN KETCHUP 465X', 'ADER', 0.000, NULL, 0, '', b'0', NULL, '', b'0', NULL),
	(22, '666050', 'ADER KANSAS CHIMICHURRI 280X', 'ADER', 0.000, NULL, 0, '', b'0', NULL, '', b'0', NULL),
	(23, '666052', 'ADER KANSAS KETCHUP 295X', 'ADER', 0.000, NULL, 0, '', b'0', NULL, '', b'0', NULL),
	(24, '666048', 'ADER KANSAS VINAGRETA 270X', 'ADER', 0.000, NULL, 0, '', b'0', NULL, '', b'0', NULL),
	(25, '666043', 'ADER KANSAS CAESAR 260X', 'ADER', 0.000, NULL, 0, '', b'0', NULL, '', b'0', NULL),
	(26, '7718', 'FIAM PICADITAS X KG', 'FIAM', 0.000, NULL, 0, '', b'0', NULL, '', b'0', NULL),
	(27, '665121', 'FIAM CAGNOLI ATM SALAMIN AHUMADO 145X', 'FIAM', 0.000, NULL, 0, '', b'0', NULL, '', b'0', NULL),
	(28, '660503', 'FIAM CAGNOLI ATM SALAMIN FINO', 'FIAM', 0.000, NULL, 0, '', b'0', NULL, '', b'0', NULL),
	(29, '660502', 'FIAM CAGNOLI ATM SALAMIN GRUESO', 'FIAM', 0.000, NULL, 0, '', b'0', NULL, '', b'0', NULL),
	(30, '665120', 'FIAM CAGNOLI ATM SALAMIN PICANTE 145X', 'FIAM', 0.000, NULL, 0, '', b'0', NULL, '', b'0', NULL),
	(31, '664487', 'FIAM CAGNOLI ATM SOPRESATTA 135X', 'FIAM', 0.000, NULL, 0, '', b'0', NULL, '', b'0', NULL),
	(32, '666337', 'FIAM CAGNOLI ATM SALAMIN EPECIADO 145X', 'FIAM', 0.000, NULL, 0, '', b'0', NULL, '', b'0', NULL),
	(33, '8974', 'FIAM CAGNOLI BONDIOLA', 'FIAM', 0.000, NULL, 0, '', b'0', NULL, '', b'0', NULL),
	(34, '5915', 'FIAM CAGNOLI CHORIZO ESPANIOL X KG', 'FIAM', 0.000, NULL, 0, '', b'0', NULL, '', b'0', NULL),
	(35, '6436', 'FIAM CAGNOLI FUET SERRANO SALAMIN 150X', 'FIAM', 0.000, NULL, 0, '', b'0', NULL, '', b'0', NULL),
	(36, '6406', 'FIAM CAGNOLI FUET TANDIL SALAMIN 150X', 'FIAM', 0.000, NULL, 0, '', b'0', NULL, '', b'0', NULL),
	(37, '7700', 'FIAM CAGNOLI JAM COCIDO C.LENTA 5.5X', 'FIAM', 0.000, NULL, 0, '', b'0', NULL, '', b'0', NULL),
	(38, '3755', 'FIAM CAGNOLI JAM COCIDO. X KG', 'FIAM', 96.180, NULL, 0, '', b'0', NULL, '', b'0', NULL),
	(39, '4116', 'FIAM CAGNOLI MILAN X KG', 'FIAM', 14.950, NULL, 0, '', b'0', NULL, '', b'0', NULL),
	(40, '664379', 'FIAM CAGNOLI MORTADELA C/PISTA  250X', 'FIAM', 0.000, NULL, 0, '', b'0', NULL, '', b'0', NULL),
	(41, '5446', 'FIAM CAGNOLI MORTADELA x KG', 'FIAM', 9.650, NULL, 0, '', b'0', NULL, '', b'0', NULL),
	(42, '4787', 'FIAM CAGNOLI PALETA CERDO X KG', 'FIAM', 4833.000, NULL, 0, '', b'0', NULL, '', b'0', NULL),
	(43, '6598', 'FIAM CAGNOLI PANCETA AHUM X KG', 'FIAM', 0.000, NULL, 0, '', b'0', NULL, '', b'0', NULL),
	(44, '5045', 'FIAM CAGNOLI PEPPERONI X KG', 'FIAM', 0.000, NULL, 0, '', b'0', NULL, '', b'0', NULL),
	(45, '4898', 'FIAM CAGNOLI SALAME BAST P/F  X KG', 'FIAM', 0.000, NULL, 0, '', b'0', NULL, '', b'0', NULL),
	(46, '4998', 'FIAM CAGNOLI SALAME BAST P/G X KG', 'FIAM', 0.000, NULL, 0, '', b'0', NULL, '', b'0', NULL),
	(47, '1541', 'FIAM CAGNOLI SALAMIN P/F x KG', 'FIAM', 0.000, NULL, 0, '', b'0', NULL, '', b'0', NULL),
	(48, '1806', 'FIAM CAGNOLI SALAMIN P/G x KG', 'FIAM', 0.000, NULL, 0, '', b'0', NULL, '', b'0', NULL),
	(49, '2831', 'FIQU LEGENDARIO SARDO X KG', 'FIQU', 0.000, NULL, 0, '', b'0', NULL, '', b'0', NULL),
	(50, '6442', 'FIQU PAULINA AZUL X KG', 'FIQU', 0.000, NULL, 0, '', b'0', NULL, '', b'0', NULL),
	(51, '6572', 'FIQU PAULINA CHEDDAR X KG', 'FIQU', 20.890, NULL, 0, '', b'0', NULL, '', b'0', NULL),
	(52, '2379', 'FIQU PAULINA CREMOSO X KG', 'FIQU', 89.320, NULL, 0, '', b'0', NULL, '', b'0', NULL),
	(53, '2435', 'FIQU PAULINA DAMBO X KG', 'FIQU', 88.190, NULL, 0, '', b'0', NULL, '', b'0', NULL),
	(54, '2073', 'FIQU PAULINA GOUDA X KG', 'FIQU', 0.000, NULL, 0, '', b'0', NULL, '', b'0', NULL),
	(55, '1218', 'FIQU PAULINA MUZZARELLA  P/FETEAR X KG', 'FIQU', 42.590, NULL, 0, '', b'0', NULL, '', b'0', NULL),
	(56, '8010', 'FIQU PAULINA PAT. P/ SAND x KG', 'FIQU', 63.300, NULL, 0, '', b'0', NULL, '', b'0', NULL),
	(57, '2190', 'FIQU PAULINA PATEGRAS X KG', 'FIQU', 0.000, NULL, 0, '', b'0', NULL, '', b'0', NULL),
	(58, '4929', 'FIQU PAULINA PORT SALUT X KG', 'FIQU', 17.260, NULL, 0, '', b'0', NULL, '', b'0', NULL),
	(59, '7770', 'FIQU PAULINA PROVOLONE PARRI X KG', 'FIQU', 0.000, NULL, 0, '', b'0', NULL, '', b'0', NULL),
	(60, '5409', 'FIQU PAULINA REGGIANITO X KG', 'FIQU', 0.000, NULL, 0, '', b'0', NULL, '', b'0', NULL),
	(61, '7105', 'FIQU PAULINA SARDO X KG', 'FIQU', 0.000, NULL, 0, '', b'0', NULL, '', b'0', NULL),
	(62, '8663', 'INSU PAULINA TYBO X KG', 'INSU', 0.000, NULL, 0, '', b'0', NULL, '', b'0', NULL),
	(63, '9475', 'FIQU RICREM CREMOSO X KG', 'FIQU', 0.000, NULL, 0, '', b'0', NULL, '', b'0', NULL),
	(64, '9778', 'FIQU RICREM DANBO X KG', 'FIQU', 0.000, NULL, 0, '', b'0', NULL, '', b'0', NULL),
	(65, '3740', 'FRAC CAGNOLI JAM COCIDO. XKG', 'FRAC', 0.000, NULL, 0, '', b'0', NULL, '', b'0', NULL),
	(66, '2842', 'FRAC PAULINA CREMOSO X KG', 'FRAC', 0.000, NULL, 0, '', b'0', NULL, '', b'0', NULL),
	(67, '3230', 'FIQU PAULINA CREMOSO DOBLE  CREM X KG', 'FIQU', 0.000, NULL, 0, '', b'0', NULL, '', b'0', NULL),
	(68, '2910', 'FRAC PAULINA DAMBO X KG', 'FRAC', 0.000, NULL, 0, '', b'0', NULL, '', b'0', NULL),
	(69, '3756', 'FRAC PAULINA PAT. P/ SAND x KG', 'FRAC', 0.000, NULL, 0, '', b'0', NULL, '', b'0', NULL),
	(70, '2406', 'FRAC CAGNOLI PANCETA AHUM X KG', 'FRAC', 0.000, NULL, 0, '', b'0', NULL, '', b'0', NULL),
	(71, '4027', 'FRAC PAULINA PATEGRAS X KG', 'FRAC', 0.000, NULL, 0, '', b'0', NULL, '', b'0', NULL),
	(72, '1621', 'FRAC CAGNOLI MILAN X KG', 'FRAC', 0.000, NULL, 0, '', b'0', NULL, '', b'0', NULL),
	(73, '2404', 'FRAC CAGNOLI PALETA CERDO X KG', 'FRAC', 0.000, NULL, 0, '', b'0', NULL, '', b'0', NULL),
	(74, '1753', 'FRAC CAGNOLI MORTADELA x KG', 'FRAC', 0.000, NULL, 0, '', b'0', NULL, '', b'0', NULL),
	(75, '3067', 'FRAC PAULINA MUZZARELLA  P/FETEAR X KG', 'FRAC', 0.000, NULL, 0, '', b'0', NULL, '', b'0', NULL),
	(76, '1057', 'FRAC  CAGNOLI  BONDIOLA', 'FRAC', 0.000, NULL, 0, '', b'0', NULL, '', b'0', NULL),
	(77, '1254', 'FRAC CAGNOLI JAM COCIDO C.LENTA 5.5X', 'FRAC', 0.000, NULL, 0, '', b'0', NULL, '', b'0', NULL),
	(78, '2443', 'FRAC PAULINA AZUL X KG', 'FRAC', 0.000, NULL, 0, '', b'0', NULL, '', b'0', NULL),
	(79, '3035', 'FRAC PAULINA GOUDA X KG', 'FRAC', 0.000, NULL, 0, '', b'0', NULL, '', b'0', NULL),
	(80, '5952', 'FRAC PAULINA PORT SALUT X KG', 'FRAC', 0.000, NULL, 0, '', b'0', NULL, '', b'0', NULL),
	(81, '2450', 'FRAC PAULINA CHEDDAR X KG', 'FRAC', 0.000, NULL, 0, '', b'0', NULL, '', b'0', NULL),
	(82, '6179', 'FRAC PAULINA REGGIANITO X KG', 'FRAC', 0.000, NULL, 0, '', b'0', NULL, '', b'0', NULL),
	(83, '6105', 'FRAC PAULINA PROVOLONE PARRI X KG', 'FRAC', 0.000, NULL, 0, '', b'0', NULL, '', b'0', NULL),
	(84, '3365', 'FRAC PAULINA PARMESANO X KG', 'FRAC', 0.000, NULL, 0, '', b'0', NULL, '', b'0', NULL),
	(85, '8657', 'FRAC PAULINA SARDO X KG', 'FRAC', 0.000, NULL, 0, '', b'0', NULL, '', b'0', NULL),
	(86, '7165', 'FRAC PAULINA TYBO', 'FRAC', 0.000, NULL, 0, '', b'0', NULL, '', b'0', NULL),
	(87, '7382', 'INSU CHACRA SALAME MILAN X KG', 'INSU', 0.000, NULL, 0, '', b'0', NULL, '', b'0', NULL),
	(88, '4701', 'INSU FIAM SADIA JAMON COCIDO XKG', 'INSU', 0.000, NULL, 0, '', b'0', NULL, '', b'0', NULL),
	(89, '5100', 'INSU FOX SALAME XKG', 'INSU', 0.000, NULL, 0, '', b'0', NULL, '', b'0', NULL),
	(90, '3535', 'INSU SADIA PALETA X KG', 'INSU', 0.000, NULL, 0, '', b'0', NULL, '', b'0', NULL),
	(91, '4192', 'LAFI VIENISSIMA SALCHI 6X225X', 'LAFI', 0.000, NULL, 0, '', b'0', NULL, '', b'0', NULL),
	(92, '7654', 'LAFI ICB X6', 'LAFI', 0.000, NULL, 0, '', b'0', NULL, '', b'0', NULL),
	(93, '657787', 'LAFI PATY CLASICA  6X225X', 'LAFI', 0.000, NULL, 0, '', b'0', NULL, '', b'0', NULL),
	(94, '3864', 'LAFI PATY SALCH FUN CLAS 6X', 'LAFI', 0.000, NULL, 0, '', b'0', NULL, '', b'0', NULL),
	(95, '665569', 'LAFI TRES CRUCES 12X', 'LAFI', 0.000, NULL, 0, '', b'0', NULL, '', b'0', NULL),
	(96, '2400', 'LAFI PATY VIENA T/ALEMAN 4X', 'LAFI', 0.000, NULL, 0, '', b'0', NULL, '', b'0', NULL),
	(97, '664639', 'LAFI VIENISSIMA PICANTE 6X230X', 'LAFI', 0.000, NULL, 0, '', b'0', NULL, '', b'0', NULL),
	(98, '5920', 'FIAM LABRATTO LOMO COC X KG', 'FIAM', 0.000, NULL, 0, '', b'0', NULL, '', b'0', NULL),
	(99, '3757', 'FIAM LABRATTO MORTADELA C/PIST X KG', 'FIAM', 0.000, NULL, 0, '', b'0', NULL, '', b'0', NULL),
	(100, '2252', 'FIAM PALADINI BONDIOLA', 'FIAM', 0.000, NULL, 0, '', b'0', NULL, '', b'0', NULL),
	(101, '2254', 'FIAM PALADINI JAM COCIDO', 'FIAM', 0.000, NULL, 0, '', b'0', NULL, '', b'0', NULL),
	(102, '8085', 'FIAM PALADINI JAM COCIDO BAJO SODIO X KG.', 'FIAM', 0.000, NULL, 0, '', b'0', NULL, '', b'0', NULL),
	(103, '2255', 'FIAM PALADINI JAMON CRUDO', 'FIAM', 0.000, NULL, 0, '', b'0', NULL, '', b'0', NULL),
	(104, '4186', 'FIAM PALADINI LOMO COC x KG', 'FIAM', 0.000, NULL, 0, '', b'0', NULL, '', b'0', NULL),
	(105, '2264', 'FIAM PALADINI MILAN', 'FIAM', 0.000, NULL, 0, '', b'0', NULL, '', b'0', NULL),
	(106, '2250', 'FIAM PALADINI MORTADELA A/V', 'FIAM', 0.000, NULL, 0, '', b'0', NULL, '', b'0', NULL),
	(107, '1816', 'FIAM PALADINI PALETA COC X KG', 'FIAM', 0.000, NULL, 0, '', b'0', NULL, '', b'0', NULL),
	(108, '2265', 'FIAM PALADINI SALAMIN P/F', 'FIAM', 0.000, NULL, 0, '', b'0', NULL, '', b'0', NULL),
	(109, '2266', 'FIAM PALADINI SALAMIN T/C', 'FIAM', 0.000, NULL, 0, '', b'0', NULL, '', b'0', NULL),
	(110, '6253', 'FIAM PALADINI SALCH PRIMAV', 'FIAM', 0.000, NULL, 0, '', b'0', NULL, '', b'0', NULL),
	(111, '5592', 'FIAM TIVOLI FIAMB P/ EMPAREDADO xKG', 'FIAM', 0.000, NULL, 0, '', b'0', NULL, '', b'0', NULL),
	(112, '2496', 'FIAM TIVOLI MILAN x KG', 'FIAM', 0.000, NULL, 0, '', b'0', NULL, '', b'0', NULL),
	(113, '2272', 'LAFI PALADINI SALCHICHA 6X', 'LAFI', 0.000, NULL, 0, '', b'0', NULL, '', b'0', NULL),
	(114, '4318', 'FIQU TREGAR AZUL HORMA x KG', 'FIQU', 20.000, NULL, 0, '', b'0', NULL, '', b'0', NULL),
	(115, '2422', 'FIQU TREGAR CREMOSO X KG', 'FIQU', 164.250, NULL, 0, '', b'0', NULL, '', b'0', NULL),
	(116, '2424', 'FIQU TREGAR CRIOLLO X KG', 'FIQU', 16.440, NULL, 0, '', b'0', NULL, '', b'0', NULL),
	(117, '2420', 'FIQU TREGAR DANBO X KG.', 'FIQU', 49.640, NULL, 0, '', b'0', NULL, '', b'0', NULL),
	(118, '2427', 'FIQU TREGAR FONTINA X KG', 'FIQU', 0.000, NULL, 0, '', b'0', NULL, '', b'0', NULL),
	(119, '2434', 'FIQU TREGAR HOLANDA X KG', 'FIQU', 8.780, NULL, 0, '', b'0', NULL, '', b'0', NULL),
	(120, '2438', 'FIQU TREGAR MUZZARELLA BARRA X KG', 'FIQU', 0.000, NULL, 0, '', b'0', NULL, '', b'0', NULL),
	(121, '2431', 'FIQU TREGAR PATEGRAS X KG', 'FIQU', 9.380, NULL, 0, '', b'0', NULL, '', b'0', NULL),
	(122, '2441', 'FIQU TREGAR PORT SALUT DIET X KG', 'FIQU', 30.380, NULL, 0, '', b'0', NULL, '', b'0', NULL),
	(123, '2440', 'FIQU TREGAR PORT SALUT X KG', 'FIQU', 31.980, NULL, 0, '', b'0', NULL, '', b'0', NULL),
	(124, '8016', 'FIAM RECREO BONDIOLA X KG', 'FIAM', 11.280, NULL, 0, '', b'0', NULL, '', b'0', NULL),
	(125, '2912', 'FIAM RECREO FIAMB COC PATA CERDO(405)', 'FIAM', 64.410, NULL, 0, '', b'0', NULL, '', b'0', NULL),
	(126, '3781', 'FIAM RECREO JAM COCIDO X KG', 'FIAM', 171.410, NULL, 0, '', b'0', NULL, '', b'0', NULL),
	(127, '2925', 'FIAM RECREO JAMON CRUDO', 'FIAM', 0.000, NULL, 0, '', b'0', NULL, '', b'0', NULL),
	(128, '6152', 'FIAM RECREO MILAN X KG', 'FIAM', 15.850, NULL, 0, '', b'0', NULL, '', b'0', NULL),
	(129, '2914', 'FIAM RECREO MORTADELA BOLG VEJ', 'FIAM', 25.800, NULL, 0, '', b'0', NULL, '', b'0', NULL),
	(130, '3817', 'FIAM RECREO SALCHICHON PRIMAVERA', 'FIAM', 28.130, NULL, 0, '', b'0', NULL, '', b'0', NULL),
	(131, '2919', 'INSU RECREO FIAMBRE PATA X KG', 'INSU', 0.000, NULL, 0, '', b'0', NULL, '', b'0', NULL),
	(132, '5651', 'INSU RECREO PANCETA AHUMADA', 'INSU', 0.000, NULL, 0, '', b'0', NULL, '', b'0', NULL),
	(133, '5933', 'FRAC RECREO SALCHICHON PRIMAVERA X KG', 'FRAC', 0.000, NULL, 0, '', b'0', NULL, '', b'0', NULL),
	(134, '4695', 'FRAC RECREO MORTADELA BOLG VEJ X KG', 'FRAC', 0.000, NULL, 0, '', b'0', NULL, '', b'0', NULL),
	(135, '2934', 'FRAC RECREO MILAN X KG', 'FRAC', 0.000, NULL, 0, '', b'0', NULL, '', b'0', NULL),
	(136, '174', 'FRAC RECREO BONDIOLA X KG', 'FRAC', 0.000, NULL, 0, '', b'0', NULL, '', b'0', NULL),
	(137, '1137', 'FRAC RECREO JAM COCIDO X KG', 'FRAC', 0.000, NULL, 0, '', b'0', NULL, '', b'0', NULL),
	(138, '1068', 'FRAC RECREO FIAMB COC PATA CERDO(405)', 'FRAC', 0.000, NULL, 0, '', b'0', NULL, '', b'0', NULL),
	(139, '2634', 'FRAC RECREO JAMON CRUDO X KG', 'FRAC', 0.000, NULL, 0, '', b'0', NULL, '', b'0', NULL),
	(140, '2401', 'FIQU J.GRANDE HALLOUMI 370X', 'FIQU', 0.000, NULL, 0, '', b'0', NULL, '', b'0', NULL),
	(141, '5934', 'FIQU AURORA CREMOSO X KG', 'FIQU', 0.000, NULL, 0, '', b'0', NULL, '', b'0', NULL),
	(142, '4962', 'FIQU AURORA DANBO X KG', 'FIQU', 0.000, NULL, 0, '', b'0', NULL, '', b'0', NULL),
	(143, '1061', 'FIQU AURORA MUZZARELLA CIL X KG', 'FIQU', 0.000, NULL, 0, '', b'0', NULL, '', b'0', NULL),
	(144, '1856', 'FIQU AURORA MUZZARELLA P/FETEAR X KG', 'FIQU', 0.000, NULL, 0, '', b'0', NULL, '', b'0', NULL),
	(145, '5900', 'INSU AURORA TYBO X KG', 'INSU', 0.000, NULL, 0, '', b'0', NULL, '', b'0', NULL),
	(146, '2807', 'FIQU EL PRADO CREMOSO X KG.', 'FIQU', 0.000, NULL, 0, '', b'0', NULL, '', b'0', NULL),
	(147, '660565', 'INSU AURORA MUZZA 10X', 'INSU', 0.000, NULL, 0, '', b'0', NULL, '', b'0', NULL),
	(148, '1922', 'FIQU CREMON CREMOSO SERENISIMA X KG', 'FIQU', 0.000, NULL, 0, '', b'0', NULL, '', b'0', NULL),
	(149, '4332', 'FIQU CREMON DOBLE SERENISIMA X KG', 'FIQU', 0.000, NULL, 0, '', b'0', NULL, '', b'0', NULL),
	(150, '9254', 'FIQU CREMON LIGHT SERENISIMA X KG', 'FIQU', 0.000, NULL, 0, '', b'0', NULL, '', b'0', NULL),
	(151, '1866', 'FIQU SERENISIMA CHEDDAR X KG', 'FIQU', 0.000, NULL, 0, '', b'0', NULL, '', b'0', NULL),
	(152, '8654', 'FIQU SERENISIMA DANBO X KG', 'FIQU', 0.000, NULL, 0, '', b'0', NULL, '', b'0', NULL),
	(153, '7765', 'FIQU SERENISIMA PATEGRAS X KG', 'FIQU', 0.000, NULL, 0, '', b'0', NULL, '', b'0', NULL),
	(154, '5932', 'FIQU SERENISIMA PORT SALUT LIGHT S/LACT X KG', 'FIQU', 0.000, NULL, 0, '', b'0', NULL, '', b'0', NULL),
	(155, '5950', 'FIQU SERENISIMA SARDO X KG', 'FIQU', 0.000, NULL, 0, '', b'0', NULL, '', b'0', NULL),
	(156, '1321', 'FIQU BAVARIA AZUL X KG', 'FIQU', 0.000, NULL, 0, '', b'0', NULL, '', b'0', NULL),
	(157, '7800', 'FIQU BAVARIA GRAND BLUE AZUL X KG', 'FIQU', 0.000, NULL, 0, '', b'0', NULL, '', b'0', NULL),
	(158, '3949', 'FIQU MILKAUT CREMOSO X KG', 'FIQU', 0.000, NULL, 0, '', b'0', NULL, '', b'0', NULL),
	(159, '3948', 'FIQU MILKAUT DANBO X KG', 'FIQU', 0.000, NULL, 0, '', b'0', NULL, '', b'0', NULL),
	(160, '4792', 'FIQU MILKAUT MUZZARELLA X KG', 'FIQU', 0.000, NULL, 0, '', b'0', NULL, '', b'0', NULL),
	(161, '1606', 'FIQU MILKAUT PATEGRAS X KG', 'FIQU', 0.000, NULL, 0, '', b'0', NULL, '', b'0', NULL),
	(162, '3424', 'FIQU MILKAUT SARDO X KG', 'FIQU', 0.000, NULL, 0, '', b'0', NULL, '', b'0', NULL),
	(163, '2240', 'FIQU SANTA ROSA AZUL X KG', 'FIQU', 0.000, NULL, 0, '', b'0', NULL, '', b'0', NULL),
	(164, '3883', 'FIQU SANTA ROSA FONTINA RES X KG', 'FIQU', 0.000, NULL, 0, '', b'0', NULL, '', b'0', NULL),
	(165, '3947', 'FIQU SANTA ROSA PATEGRAS SELECCION X KG', 'FIQU', 0.000, NULL, 0, '', b'0', NULL, '', b'0', NULL),
	(166, '1492', 'FIQU SANTA ROSA PROVOLETA AHUM X KG', 'FIQU', 0.000, NULL, 0, '', b'0', NULL, '', b'0', NULL),
	(167, '1000', 'FIQU SANTA ROSA PROVOLETA X KG', 'FIQU', 0.000, NULL, 0, '', b'0', NULL, '', b'0', NULL),
	(168, '2825', 'FIQU SANTA ROSA PROVOLONE X KG', 'FIQU', 0.000, NULL, 0, '', b'0', NULL, '', b'0', NULL),
	(169, '2260', 'FIQU SANTA ROSA SARDO X KG', 'FIQU', 0.000, NULL, 0, '', b'0', NULL, '', b'0', NULL),
	(170, '660383', 'INSU CREMA MILKAUT SACHET 5X', 'INSU', 0.000, NULL, 0, '', b'0', NULL, '', b'0', NULL),
	(171, '663826', 'INSU CREMA MILKAUT BALDE 5X', 'INSU', 0.000, NULL, 0, '', b'0', NULL, '', b'0', NULL),
	(172, '660384', 'INSU QUESO CREMA CREMATTO  X3.5KG', 'INSU', 0.000, NULL, 0, '', b'0', NULL, '', b'0', NULL),
	(173, '366', 'INSU DDL MILKAUT REPOS 10X', 'INSU', 0.000, NULL, 0, '', b'0', NULL, '', b'0', NULL),
	(174, '6055', 'FIAM 66 MILAN', 'FIAM', 0.000, NULL, 0, '', b'0', NULL, '', b'0', NULL),
	(175, '1611', 'FIAM LARIO BONDIOLA (122)', 'FIAM', 0.000, NULL, 0, '', b'0', NULL, '', b'0', NULL),
	(176, '3491', 'FIAM LARIO FIAMB DE CERDO X KG', 'FIAM', 0.000, NULL, 0, '', b'0', NULL, '', b'0', NULL),
	(177, '5052', 'FIAM LARIO JAM COCIDO X KG (119)', 'FIAM', 0.000, NULL, 0, '', b'0', NULL, '', b'0', NULL),
	(178, '2381', 'FIAM LARIO JAMON CRUDO', 'FIAM', 0.000, NULL, 0, '', b'0', NULL, '', b'0', NULL),
	(179, '3483', 'FIAM LARIO LOMO COC. NAT xKG', 'FIAM', 7.820, NULL, 0, '', b'0', NULL, '', b'0', NULL),
	(180, '5072', 'FIAM LARIO MILAN FINO', 'FIAM', 7.820, NULL, 0, '', b'0', NULL, '', b'0', NULL),
	(181, '5048', 'FIAM LARIO MORTADELA BOLOGNA', 'FIAM', 0.000, NULL, 0, '', b'0', NULL, '', b'0', NULL),
	(182, '6309', 'FIAM LARIO QUESO DE CERDO', 'FIAM', 0.000, NULL, 0, '', b'0', NULL, '', b'0', NULL),
	(183, '6011', 'FIAM LARIO SALAME BAST FINO', 'FIAM', 4.960, NULL, 0, '', b'0', NULL, '', b'0', NULL),
	(184, '2374', 'FIAM LARIO SALAME BAST GRUESO', 'FIAM', 4.780, NULL, 0, '', b'0', NULL, '', b'0', NULL),
	(185, '665933', 'FIAM LARIO SALAME T/ FUET AL PIMENTON 1X', 'FIAM', 0.000, NULL, 0, '', b'0', NULL, '', b'0', NULL),
	(186, '5075', 'FIAM LARIO SALAMIN TAND P/F', 'FIAM', 0.000, NULL, 0, '', b'0', NULL, '', b'0', NULL),
	(187, '5076', 'FIAM LARIO SALAMIN TAND P/G', 'FIAM', 0.000, NULL, 0, '', b'0', NULL, '', b'0', NULL),
	(188, '2187', 'FIAM LARIO SALCHICHON PRIMAV', 'FIAM', 0.000, NULL, 0, '', b'0', NULL, '', b'0', NULL),
	(189, '1617', 'FIAM RAFAELA JAM COCIDO  NAT X KG', 'FIAM', 0.000, NULL, 0, '', b'0', NULL, '', b'0', NULL),
	(190, '2385', 'LAFI CARCARANA SALCHICHA 6X', 'LAFI', 0.000, NULL, 0, '', b'0', NULL, '', b'0', NULL),
	(191, '658906', 'LAFI FRIAR SALCHICHA 190X', 'LAFI', 0.000, NULL, 0, '', b'0', NULL, '', b'0', NULL),
	(192, '663759', 'LAFI FRIAR SALCHICHA LARGA 6X', 'LAFI', 0.000, NULL, 0, '', b'0', NULL, '', b'0', NULL),
	(193, '7491', 'FIQU ILOLAY CREMOSO X KG', 'FIQU', 0.000, NULL, 0, '', b'0', NULL, '', b'0', NULL),
	(194, '7633', 'FIQU ILOLAY PATEGRAS X KG', 'FIQU', 0.000, NULL, 0, '', b'0', NULL, '', b'0', NULL),
	(195, '7798', 'FIQU ILOLAY TYBO X KG', 'FIQU', 0.000, NULL, 0, '', b'0', NULL, '', b'0', NULL),
	(196, '3405', 'FIAM PALADINI CHORIZO ESPANIOL COL ORIENTA', 'FIAM', 0.000, NULL, 0, '', b'0', NULL, '', b'0', NULL),
	(197, '666204', 'GRAS PALADINI D/CERDO 500X', 'GRAS', 0.000, NULL, 0, '', b'0', NULL, '', b'0', NULL),
	(198, '664718', 'INSU MARGADAN  X 5KG', 'INSU', 0.000, NULL, 0, '', b'0', NULL, '', b'0', NULL),
	(199, '666502', 'MANTECA TONADITA X5KG.', 'MANTECA', 0.000, NULL, 0, '', b'0', NULL, '', b'0', NULL),
	(200, '665072', 'HUMM KYROS CLASICO 230X', 'HUMM', 0.000, NULL, 0, '', b'0', NULL, '', b'0', NULL),
	(201, '665073', 'HUMM KYROS ACEITE OLIVA 230X', 'HUMM', 0.000, NULL, 0, '', b'0', NULL, '', b'0', NULL),
	(202, '665075', 'HUMM KYROS C/AJO AHUMADO 230X', 'HUMM', 0.000, NULL, 0, '', b'0', NULL, '', b'0', NULL),
	(203, '665076', 'HUMM KYROS REMOLACHA 230X', 'HUMM', 0.000, NULL, 0, '', b'0', NULL, '', b'0', NULL),
	(204, '664951', 'FIQT ARRIVATA CAJA BURRATA ELITE 250X', 'FIQT', 0.000, NULL, 0, '', b'0', NULL, '', b'0', NULL),
	(205, '664940', 'FIQT ARRIVATA BOCC. BUFALA 200X', 'FIQT', 0.000, NULL, 0, '', b'0', NULL, '', b'0', NULL),
	(206, '664942', 'FIQT ARRIVATA BOCC.VACA  150X', 'FIQT', 0.000, NULL, 0, '', b'0', NULL, '', b'0', NULL),
	(207, '5948', 'INSU PAULINA PARMESANO X KG', 'INSU', 0.000, NULL, 0, '', b'0', NULL, '', b'0', NULL),
	(208, '667085', 'INSU PAULINA CREMA POUCH 5X', 'INSU', 0.000, NULL, 0, '', b'0', NULL, '', b'0', NULL);

-- Volcando datos para la tabla cdf_app.productos_seq: ~1 rows (aproximadamente)
REPLACE INTO `productos_seq` (`next_not_cached_value`, `minimum_value`, `maximum_value`, `start_value`, `increment`, `cache_size`, `cycle_option`, `cycle_count`) VALUES
	(1, 1, 9223372036854775806, 1, 50, 0, 0, 0);

-- Volcando datos para la tabla cdf_app.proveedor: ~0 rows (aproximadamente)

-- Volcando datos para la tabla cdf_app.proveedor_seq: ~1 rows (aproximadamente)
REPLACE INTO `proveedor_seq` (`next_not_cached_value`, `minimum_value`, `maximum_value`, `start_value`, `increment`, `cache_size`, `cycle_option`, `cycle_count`) VALUES
	(1, 1, 9223372036854775806, 1, 50, 0, 0, 0);

-- Volcando datos para la tabla cdf_app.recortes_recepcion: ~5 rows (aproximadamente)
REPLACE INTO `recortes_recepcion` (`id`, `id_sucursal`, `sucursal_nombre`, `id_producto`, `producto_nombre`, `codigo_interno`, `peso`, `tipo`, `fecha`) VALUES
	(2, 4, 'Depot 12-Cordoba', 117, 'FIQU TREGAR DANBO X KG.', '2420', 0.285, 'decomisos', '2026-04-30 14:29:52'),
	(3, 4, 'Depot 12-Cordoba', 101, 'FIAM PALADINI JAM COCIDO', '2254', 0.465, 'decomisos', '2026-04-30 14:29:52'),
	(4, 4, 'Depot 12-Cordoba', 38, 'FIAM CAGNOLI JAM COCIDO. X KG', '3755', 0.070, 'decomisos', '2026-04-30 14:29:52'),
	(5, 6, 'Depot 09-Barranqueras', 38, 'FIAM CAGNOLI JAM COCIDO. X KG', '3755', 0.600, 'decomisos', '2026-04-30 14:29:52'),
	(6, 6, 'Depot 09-Barranqueras', 125, 'FIAM RECREO FIAMB COC PATA CERDO(405)', '2912', 0.420, 'decomisos', '2026-04-30 14:29:52');

-- Volcando datos para la tabla cdf_app.registro_produccion: ~0 rows (aproximadamente)

-- Volcando datos para la tabla cdf_app.roles: ~0 rows (aproximadamente)
REPLACE INTO `roles` (`id`, `nombre`) VALUES
	(1, 'Admin');

-- Volcando datos para la tabla cdf_app.stock_a_decomiso: ~60 rows (aproximadamente)
REPLACE INTO `stock_a_decomiso` (`id`, `codigo`, `peso`, `motivo`) VALUES
	(1, '1218', 0.175, 'Feteado'),
	(2, '3755', 0.125, 'Feteado'),
	(3, '1866', 0.085, 'Feteado'),
	(4, '2435', 0.100, 'Feteado'),
	(5, '2435', 0.550, 'Feteado'),
	(6, '2435', 0.030, 'Feteado'),
	(7, '2190', 0.065, 'Feteado'),
	(8, '2435', 0.060, 'Feteado'),
	(9, '2435', 0.160, 'Feteado'),
	(10, '8010', 0.100, 'Feteado'),
	(11, '2435', 0.100, 'Feteado'),
	(12, '3755', 0.155, 'Feteado'),
	(13, '3755', 0.090, 'Feteado'),
	(14, '8010', 0.050, 'Feteado'),
	(15, '8010', 0.050, 'Feteado'),
	(16, '6442', 0.120, 'Feteado'),
	(17, '3755', 0.105, 'Feteado'),
	(18, '8010', 0.085, 'Feteado'),
	(19, '3755', 0.175, 'Feteado'),
	(20, '3755', 0.080, 'Feteado'),
	(21, '8010', 0.085, 'Feteado'),
	(22, '8016', 0.320, 'Mal Estado'),
	(23, '3781', 0.090, 'Feteado'),
	(24, '8016', 0.040, 'Feteado'),
	(25, '2925', 0.050, 'Feteado'),
	(26, '1218', 0.200, 'Feteado'),
	(27, '4787', 0.215, 'Feteado'),
	(28, '6572', 0.115, 'Feteado'),
	(29, '7700', 0.135, 'Feteado'),
	(30, '2250', 0.200, 'Feteado'),
	(31, '5446', 0.115, 'Feteado'),
	(32, '6055', 0.055, 'Feteado'),
	(33, '4116', 0.320, 'Feteado'),
	(34, '2254', 0.200, 'Feteado'),
	(35, '2250', 0.195, 'Feteado'),
	(36, '4787', 0.060, 'Feteado'),
	(37, '4787', 0.185, 'Feteado'),
	(38, '2264', 0.160, 'Feteado'),
	(39, '6598', 0.200, 'Feteado'),
	(40, '4787', 0.365, 'Feteado'),
	(41, '4116', 0.385, 'Feteado'),
	(42, '2435', 0.340, 'Feteado'),
	(43, '3755', 0.210, 'Feteado'),
	(44, '6442', 0.055, 'Feteado'),
	(45, '4787', 0.500, 'Feteado'),
	(46, '2420', 0.130, 'Feteado'),
	(47, '6152', 0.258, 'Feteado'),
	(48, '3817', 0.088, 'Feteado'),
	(49, '7105', 0.100, 'Feteado'),
	(50, '2435', 0.018, 'Feteado'),
	(51, '8010', 0.016, 'Feteado'),
	(52, '2435', 0.035, 'Feteado'),
	(53, '2435', 0.070, 'Feteado'),
	(54, '8010', 0.120, 'Feteado'),
	(55, '8010', 0.100, 'Feteado'),
	(56, '2435', 0.540, 'Feteado'),
	(57, '2435', 0.050, 'Feteado'),
	(58, '8010', 0.090, 'Feteado'),
	(59, '3755', 0.280, 'Feteado'),
	(60, '3755', 0.141, 'Feteado'),
	(61, '3781', 0.225, 'Feteado'),
	(62, '3781', 0.355, 'Feteado'),
	(63, '4787', 0.370, 'Feteado'),
	(64, '4787', 0.216, 'Feteado'),
	(65, '3781', 0.210, 'Feteado'),
	(66, '2420', 0.110, 'Feteado'),
	(67, '3817', 0.070, 'Feteado'),
	(68, '5446', 0.155, 'Feteado'),
	(69, '6152', 0.195, 'Feteado'),
	(70, '1218', 0.060, 'Feteado'),
	(71, '4116', 0.320, 'Feteado'),
	(72, '2914', 0.176, 'Feteado'),
	(73, '2912', 0.220, 'Feteado'),
	(74, '2925', 0.012, 'Feteado'),
	(75, '7105', 0.015, 'Feteado'),
	(76, '8974', 0.095, 'Feteado'),
	(77, '7105', 0.055, 'Feteado');

-- Volcando datos para la tabla cdf_app.stock_a_fetear: ~29 rows (aproximadamente)
REPLACE INTO `stock_a_fetear` (`id`, `codigo`, `peso`, `cantidad`) VALUES
	(1, '2435', 0.000, 0),
	(2, '2190', 0.000, 0),
	(3, '2379', 46.080, 120),
	(4, '8010', 0.000, 0),
	(5, '3755', 0.000, 0),
	(6, '1922', 0.000, 0),
	(7, '6442', 0.000, 0),
	(8, '3781', 0.000, 0),
	(9, '8016', 0.000, 0),
	(10, '2925', 0.000, 0),
	(11, '1218', 0.000, 0),
	(12, '4787', 0.000, 0),
	(13, '6572', 0.000, 0),
	(14, '7700', 0.000, 0),
	(15, '2250', 0.000, 0),
	(16, '5446', 0.000, 0),
	(17, '6055', 0.000, 0),
	(18, '4116', 0.000, 0),
	(19, '2254', 0.000, 0),
	(20, '2264', 0.000, 0),
	(21, '6598', 0.000, 0),
	(22, '2422', 0.000, 0),
	(23, '2420', 0.000, 0),
	(24, '6152', 0.000, 0),
	(25, '3817', 0.000, 0),
	(26, '7105', 9.675, 50),
	(27, '7718', 0.000, 0),
	(28, '2440', 0.000, 0),
	(29, '4929', 0.000, 0),
	(30, '2424', 0.000, 0),
	(31, '2914', 0.000, 0),
	(32, '2912', 0.000, 0),
	(33, '5409', 2.005, 11),
	(34, '8974', 2.910, 27);

-- Volcando datos para la tabla cdf_app.stock_a_picada: ~27 rows (aproximadamente)
REPLACE INTO `stock_a_picada` (`id`, `codigo`, `peso`) VALUES
	(1, '2435', 4.751),
	(2, '8010', 1.632),
	(3, '3755', 4.385),
	(4, '5052', 0.000),
	(5, '8016', 0.000),
	(6, '3781', 3.445),
	(7, '2925', 0.112),
	(8, '1218', 0.226),
	(9, '4787', 6.990),
	(10, '6572', 0.000),
	(11, '7700', 0.000),
	(12, '2250', 1.050),
	(13, '5446', 0.970),
	(14, '2912', 1.266),
	(16, '1617', 0.000),
	(17, '4116', 1.728),
	(18, '2914', 0.802),
	(19, '8974', 0.495),
	(20, '6598', 0.665),
	(21, '6055', 0.000),
	(22, '5072', 0.000),
	(23, '5048', 0.000),
	(24, '2187', 0.000),
	(25, '6152', 0.909),
	(38, '2254', 1.535),
	(39, '2264', 0.155),
	(40, '2420', 1.480),
	(41, '3817', 0.800);

-- Volcando datos para la tabla cdf_app.stock_envasados: ~28 rows (aproximadamente)
REPLACE INTO `stock_envasados` (`id`, `codigo`, `cantidad`, `peso`, `fecha_ultimo_registro`) VALUES
	(1, '2190', -56, 15.810, '2026-04-27 11:44:03'),
	(2, '2379', -126, 113.297, '2026-05-04 17:15:08'),
	(3, '2435', 64, 145.813, '2026-05-05 11:51:56'),
	(4, '8010', 20, 119.577, '2026-05-04 17:53:27'),
	(5, '3755', 1, 138.814, '2026-05-05 16:51:19'),
	(6, '1922', 57, 147.885, '2026-05-05 14:37:51'),
	(7, '6442', 1, 7.300, '2026-05-02 12:22:01'),
	(8, '3781', 150, 65.135, '2026-05-05 17:17:31'),
	(9, '7700', 0, 12.200, '2026-04-29 10:33:50'),
	(10, '8016', 6, 6.105, '2026-04-28 15:37:49'),
	(11, '8663', 0, 1.000, '2026-04-28 08:48:46'),
	(12, '2914', 5, 10.597, '2026-05-06 13:44:33'),
	(13, '2925', 6, 7.526, '2026-05-06 13:43:05'),
	(14, '7105', -30, 11.730, '2026-05-06 13:43:42'),
	(15, '8974', -15, 3.780, '2026-04-28 08:52:52'),
	(16, '7718', 102, 67.395, '2026-05-04 12:27:47'),
	(17, '1218', -19, 34.234, '2026-05-06 12:22:05'),
	(18, '4787', 26, 121.583, '2026-05-05 17:39:29'),
	(19, '6572', 18, 20.275, '2026-04-29 11:08:58'),
	(20, '5446', 11, 17.240, '2026-05-06 11:02:18'),
	(21, '2250', 0, 24.995, '2026-04-29 14:32:17'),
	(22, '6055', -20, 3.105, '2026-04-29 13:11:01'),
	(23, '4116', 21, 33.342, '2026-05-06 12:09:58'),
	(24, '2254', 0, 22.475, '2026-04-29 13:25:16'),
	(25, '6598', 35, 10.925, '2026-04-29 15:40:50'),
	(26, '2264', -10, 0.000, '2026-04-29 16:08:42'),
	(27, '2422', -24, 28.330, '2026-05-05 13:36:39'),
	(28, '2420', 0, 15.880, '2026-05-06 12:47:15'),
	(29, '3817', 0, 13.077, '2026-05-05 17:52:37'),
	(30, '6152', 25, 14.328, '2026-05-06 10:49:32'),
	(31, '2424', 0, 4.115, '2026-05-06 11:20:58'),
	(32, '4929', 38, 17.260, '2026-05-06 11:27:33'),
	(33, '2440', 38, 11.645, '2026-05-06 11:42:26'),
	(34, '2912', 1, 19.924, '2026-05-06 13:38:57');

-- Volcando datos para la tabla cdf_app.stock_kilos: ~65 rows (aproximadamente)
REPLACE INTO `stock_kilos` (`id`, `codigo_producto`, `cantidad_kilos`) VALUES
	(177, '2374', 4.980),
	(178, '2379', -33.585),
	(179, '2381', 3.206),
	(180, '2420', -16.365),
	(181, '2422', 6.855),
	(182, '2424', 8.040),
	(183, '2427', 8.905),
	(184, '2431', 9.420),
	(185, '2434', 16.460),
	(186, '2435', 73.540),
	(187, '2438', 0.090),
	(188, '2440', 20.205),
	(189, '2441', 30.270),
	(190, '2912', 6.255),
	(191, '2925', 2.220),
	(192, '8974', 2.790),
	(193, '9778', 0.010),
	(194, '1806', -0.755),
	(195, '1816', 0.005),
	(196, '1218', 23.635),
	(197, '5915', 0.100),
	(198, '6011', 0.192),
	(199, '6055', 30.620),
	(200, '6152', -6.775),
	(201, '6253', 0.225),
	(202, '4116', 10.760),
	(203, '4318', 20.090),
	(204, '4787', 27.051),
	(205, '7700', 4.465),
	(206, '7718', -14.670),
	(207, '8010', 73.325),
	(208, '8016', 13.685),
	(209, '8085', 8.910),
	(210, '3483', 3.045),
	(211, '3755', 96.970),
	(212, '3781', 47.366),
	(213, '3817', -2.050),
	(214, '2073', 5.110),
	(215, '2187', -0.080),
	(216, '2190', 25.790),
	(217, '2250', 2.565),
	(218, '2254', 16.485),
	(219, '2264', -0.820),
	(220, '2266', 1.820),
	(221, '6442', 0.790),
	(222, '6572', 21.395),
	(223, '4898', 3.700),
	(224, '4998', 3.750),
	(225, '5048', 28.762),
	(226, '5052', 15.990),
	(227, '5072', 8.160),
	(228, '5075', 6.769),
	(229, '5076', 7.830),
	(230, '5409', -2.005),
	(231, '5446', -2.115),
	(232, '6598', 1.375),
	(233, '8663', 15.360),
	(234, '7105', -5.865),
	(235, '1541', 0.055),
	(236, '1611', 1.339),
	(237, '1617', 12.820),
	(238, '1922', 138.070),
	(239, '663717', 2500.000),
	(240, '2914', 6.995),
	(241, '4929', -3.670);

-- Volcando datos para la tabla cdf_app.stock_piezas: ~208 rows (aproximadamente)
REPLACE INTO `stock_piezas` (`id`, `codigo`, `cantidad`, `fecha_ultimo_registro`, `vencimiento`) VALUES
	(1, '1000', 7, '2026-04-26 14:22:16', '30-04-20'),
	(2, '1057', 4, '2026-04-26 21:16:34', '26-5-26'),
	(3, '1061', 0, '2026-04-26 14:06:50', NULL),
	(4, '1068', 0, '2026-04-26 14:06:50', NULL),
	(5, '1137', 0, '2026-04-26 14:06:50', NULL),
	(6, '1254', 0, '2026-04-26 14:06:50', NULL),
	(7, '1218', 0, '2026-05-06 11:32:00', NULL),
	(8, '1492', 0, '2026-04-26 14:06:50', NULL),
	(9, '1321', 0, '2026-04-26 14:06:50', NULL),
	(10, '1541', 0, '2026-04-26 14:06:50', NULL),
	(11, '1606', 0, '2026-04-26 14:06:50', NULL),
	(12, '1611', 2, '2026-04-27 11:14:07', '10-8-26'),
	(13, '1617', 0, '2026-04-26 14:06:50', NULL),
	(14, '1621', 0, '2026-04-26 14:06:50', NULL),
	(15, '174', 0, '2026-04-26 14:06:50', NULL),
	(16, '1753', 0, '2026-04-26 14:06:50', NULL),
	(17, '1806', 0, '2026-04-26 14:06:50', NULL),
	(18, '1816', 0, '2026-04-26 14:06:50', NULL),
	(19, '1856', 0, '2026-04-26 14:06:50', NULL),
	(20, '1866', 0, '2026-04-26 14:06:50', NULL),
	(21, '1922', 0, '2026-05-05 14:15:47', NULL),
	(22, '2073', 0, '2026-04-26 14:06:50', NULL),
	(23, '2187', 1, '2026-04-27 11:17:17', '16-06-26'),
	(24, '2190', 0, '2026-04-27 11:41:38', NULL),
	(25, '2240', 0, '2026-04-26 14:06:50', NULL),
	(26, '2250', 0, '2026-04-29 13:39:14', NULL),
	(27, '2252', 0, '2026-04-26 14:06:50', NULL),
	(28, '2257', 0, '2026-04-26 14:06:50', NULL),
	(29, '2254', 0, '2026-04-29 13:14:31', NULL),
	(30, '2260', 0, '2026-04-26 14:06:50', NULL),
	(31, '2255', 0, '2026-04-26 14:06:50', NULL),
	(32, '2265', 0, '2026-04-26 14:06:50', NULL),
	(33, '2264', 0, '2026-04-29 14:51:39', NULL),
	(34, '2266', 0, '2026-04-26 14:06:50', NULL),
	(35, '2272', 0, '2026-04-26 14:06:50', NULL),
	(36, '2379', 0, '2026-05-06 15:46:41', NULL),
	(37, '2374', 0, '2026-04-26 14:06:50', NULL),
	(38, '2385', 0, '2026-04-26 14:06:50', NULL),
	(39, '2400', 0, '2026-04-26 14:06:50', NULL),
	(40, '2381', 0, '2026-04-26 14:06:50', NULL),
	(41, '2401', 0, '2026-04-26 14:06:50', NULL),
	(42, '2406', 0, '2026-04-26 14:06:50', NULL),
	(43, '2420', 0, '2026-05-05 16:14:08', NULL),
	(44, '2404', 0, '2026-04-26 14:06:50', NULL),
	(45, '2422', 0, '2026-05-05 13:36:14', NULL),
	(46, '2424', 0, '2026-05-06 11:20:26', NULL),
	(47, '2427', 1, '2026-04-26 22:53:04', '01-06-26'),
	(48, '2435', 0, '2026-05-04 16:17:08', NULL),
	(49, '2434', 0, '2026-04-26 14:06:50', NULL),
	(50, '2431', 0, '2026-04-26 14:06:50', NULL),
	(51, '2438', 0, '2026-04-26 14:06:50', NULL),
	(52, '2441', 0, '2026-04-26 14:06:50', NULL),
	(53, '2440', 0, '2026-05-05 15:36:51', NULL),
	(54, '2443', 0, '2026-04-26 14:06:50', NULL),
	(55, '2496', 0, '2026-04-26 14:06:50', NULL),
	(56, '2450', 0, '2026-04-26 14:06:50', NULL),
	(57, '2634', 0, '2026-04-26 14:06:50', NULL),
	(58, '2807', 0, '2026-04-26 14:06:50', NULL),
	(59, '2825', 0, '2026-04-26 14:06:50', NULL),
	(60, '2831', 0, '2026-04-26 14:06:50', NULL),
	(61, '2905', 0, '2026-04-26 14:06:50', NULL),
	(62, '2910', 0, '2026-04-26 14:06:50', NULL),
	(63, '2842', 0, '2026-04-26 14:06:50', NULL),
	(64, '2914', 0, '2026-05-06 12:43:21', NULL),
	(65, '2919', 0, '2026-04-26 14:06:50', NULL),
	(66, '2912', 0, '2026-05-06 13:07:37', NULL),
	(67, '2934', 0, '2026-04-26 14:06:50', NULL),
	(68, '2925', 0, '2026-05-06 13:21:40', NULL),
	(69, '3067', 0, '2026-04-26 14:06:50', NULL),
	(70, '3035', 0, '2026-04-26 14:06:50', NULL),
	(71, '3102', 0, '2026-04-26 14:06:50', NULL),
	(72, '3230', 0, '2026-04-26 14:06:50', NULL),
	(73, '3365', 0, '2026-04-26 14:06:50', NULL),
	(74, '3424', 0, '2026-04-26 14:06:50', NULL),
	(75, '3483', 0, '2026-04-26 14:06:50', NULL),
	(76, '3491', 0, '2026-04-26 14:06:50', NULL),
	(77, '3405', 0, '2026-04-26 14:06:50', NULL),
	(78, '3535', 0, '2026-04-26 14:06:50', NULL),
	(79, '366', 0, '2026-04-26 14:06:50', NULL),
	(80, '3740', 0, '2026-04-26 14:06:50', NULL),
	(81, '3756', 0, '2026-04-26 14:06:50', NULL),
	(82, '3755', 0, '2026-05-05 12:16:53', '31-5-202'),
	(83, '3757', 0, '2026-04-26 14:06:50', NULL),
	(84, '3782', 0, '2026-04-26 14:06:50', NULL),
	(85, '3781', 0, '2026-05-05 16:04:11', NULL),
	(86, '3817', 0, '2026-05-05 17:24:00', NULL),
	(87, '3841', 0, '2026-04-26 14:06:50', NULL),
	(88, '3864', 0, '2026-04-26 14:06:50', NULL),
	(89, '3947', 0, '2026-04-26 14:06:50', NULL),
	(90, '3865', 0, '2026-04-26 14:06:50', NULL),
	(91, '3948', 0, '2026-04-26 14:06:50', NULL),
	(92, '3883', 0, '2026-04-26 14:06:50', NULL),
	(93, '4027', 0, '2026-04-26 14:06:50', NULL),
	(94, '3949', 0, '2026-04-26 14:06:50', NULL),
	(95, '4186', 0, '2026-04-26 14:06:50', NULL),
	(96, '4192', 0, '2026-04-26 14:06:50', NULL),
	(97, '4318', 0, '2026-04-26 14:06:50', NULL),
	(98, '4116', 0, '2026-05-06 11:34:24', NULL),
	(99, '4332', 0, '2026-04-26 14:06:50', NULL),
	(100, '4787', 0, '2026-05-05 16:02:11', NULL),
	(101, '4701', 0, '2026-04-26 14:06:50', NULL),
	(102, '4695', 0, '2026-04-26 14:06:50', NULL),
	(103, '4792', 0, '2026-04-26 14:06:50', NULL),
	(104, '4929', 0, '2026-05-05 16:34:30', NULL),
	(105, '4898', 5, '2026-04-26 22:52:09', '15-06-26'),
	(106, '4962', 0, '2026-04-26 14:06:50', NULL),
	(107, '5045', 0, '2026-04-26 14:06:50', NULL),
	(108, '4998', 5, '2026-04-26 22:52:24', '14-06-26'),
	(109, '5048', 0, '2026-04-26 14:06:50', NULL),
	(110, '5052', 0, '2026-04-26 14:06:50', NULL),
	(111, '5072', 1, '2026-04-27 11:14:48', '17-07-26'),
	(112, '5075', 0, '2026-04-26 14:06:50', NULL),
	(113, '5076', 0, '2026-04-26 14:06:50', NULL),
	(114, '5100', 0, '2026-04-26 14:06:50', NULL),
	(115, '5409', 0, '2026-04-26 14:06:50', NULL),
	(116, '5221', 0, '2026-04-26 14:06:50', NULL),
	(117, '5446', 0, '2026-05-05 17:27:25', NULL),
	(118, '5651', 0, '2026-04-26 14:06:50', NULL),
	(119, '5592', 0, '2026-04-26 14:06:50', NULL),
	(120, '5900', 0, '2026-04-26 14:06:50', NULL),
	(121, '5920', 0, '2026-04-26 14:06:50', NULL),
	(122, '5915', 0, '2026-04-26 14:06:50', NULL),
	(123, '5932', 0, '2026-04-26 14:06:50', NULL),
	(124, '5933', 0, '2026-04-26 14:06:50', NULL),
	(125, '5934', 0, '2026-04-26 14:06:50', NULL),
	(126, '5948', 0, '2026-04-26 14:06:50', NULL),
	(127, '5950', 0, '2026-04-26 14:06:50', NULL),
	(128, '5952', 0, '2026-04-26 14:06:50', NULL),
	(129, '6011', 1, '2026-04-27 11:15:49', '5-6-26'),
	(130, '6105', 0, '2026-04-26 14:06:50', NULL),
	(131, '6055', 0, '2026-04-29 11:30:00', NULL),
	(132, '6152', 0, '2026-05-05 17:51:31', NULL),
	(133, '6309', 0, '2026-04-26 14:06:50', NULL),
	(134, '6253', 0, '2026-04-26 14:06:50', NULL),
	(135, '6179', 0, '2026-04-26 14:06:50', NULL),
	(136, '6406', 0, '2026-04-26 14:06:50', NULL),
	(137, '6442', 0, '2026-05-02 12:11:36', NULL),
	(138, '6436', 0, '2026-04-26 14:06:50', NULL),
	(139, '6572', 0, '2026-04-28 17:15:17', NULL),
	(140, '658906', 0, '2026-04-26 14:06:50', NULL),
	(141, '657787', 0, '2026-04-26 14:06:50', NULL),
	(142, '6598', 0, '2026-04-29 15:33:59', NULL),
	(143, '660383', 0, '2026-04-26 14:06:50', NULL),
	(144, '660384', 0, '2026-04-26 14:06:50', NULL),
	(145, '660503', 0, '2026-04-26 14:06:50', NULL),
	(146, '660502', 0, '2026-04-26 14:06:50', NULL),
	(147, '660565', 0, '2026-04-26 14:06:50', NULL),
	(148, '662269', 0, '2026-04-26 14:06:50', NULL),
	(149, '662273', 0, '2026-04-26 14:06:50', NULL),
	(150, '663759', 0, '2026-04-26 14:06:50', NULL),
	(151, '662270', 0, '2026-04-26 14:06:50', NULL),
	(152, '663826', 0, '2026-04-26 14:06:50', NULL),
	(153, '664379', 0, '2026-04-26 14:06:50', NULL),
	(154, '664487', 0, '2026-04-26 14:06:50', NULL),
	(155, '664639', 0, '2026-04-26 14:06:50', NULL),
	(156, '664718', 0, '2026-04-26 14:06:50', NULL),
	(157, '664940', 0, '2026-04-26 14:06:50', NULL),
	(158, '664942', 0, '2026-04-26 14:06:50', NULL),
	(159, '664951', 0, '2026-04-26 14:06:50', NULL),
	(160, '665073', 0, '2026-04-26 14:06:50', NULL),
	(161, '665072', 0, '2026-04-26 14:06:50', NULL),
	(162, '665075', 0, '2026-04-26 14:06:50', NULL),
	(163, '665076', 0, '2026-04-26 14:06:50', NULL),
	(164, '665121', 0, '2026-04-26 14:06:50', NULL),
	(165, '665120', 0, '2026-04-26 14:06:50', NULL),
	(166, '665569', 0, '2026-04-26 14:06:50', NULL),
	(167, '665887', 0, '2026-04-26 14:06:50', NULL),
	(168, '665933', 0, '2026-04-26 14:06:50', NULL),
	(169, '666043', 0, '2026-04-26 14:06:50', NULL),
	(170, '666046', 0, '2026-04-26 14:06:50', NULL),
	(171, '666047', 0, '2026-04-26 14:06:50', NULL),
	(172, '666045', 0, '2026-04-26 14:06:50', NULL),
	(173, '666048', 0, '2026-04-26 14:06:50', NULL),
	(174, '666052', 0, '2026-04-26 14:06:50', NULL),
	(175, '666050', 0, '2026-04-26 14:06:50', NULL),
	(176, '666337', 0, '2026-04-26 14:06:50', NULL),
	(177, '667085', 0, '2026-04-26 14:06:50', NULL),
	(178, '666502', 0, '2026-04-26 14:06:50', NULL),
	(179, '666204', 0, '2026-04-26 14:06:50', NULL),
	(180, '6910', 0, '2026-04-26 14:06:50', NULL),
	(181, '6878', 0, '2026-04-26 14:06:50', NULL),
	(182, '6925', 0, '2026-04-26 14:06:50', NULL),
	(183, '7105', 0, '2026-05-06 15:45:34', '13-08-26'),
	(184, '6951', 0, '2026-04-26 14:06:50', NULL),
	(185, '7165', 0, '2026-04-26 14:06:50', NULL),
	(186, '7382', 0, '2026-04-26 14:06:50', NULL),
	(187, '7633', 0, '2026-04-26 14:06:50', NULL),
	(188, '7491', 0, '2026-04-26 14:06:50', NULL),
	(189, '7654', 0, '2026-04-26 14:06:50', NULL),
	(190, '7700', 0, '2026-04-28 17:43:00', NULL),
	(191, '7770', 0, '2026-04-26 14:06:50', NULL),
	(192, '7765', 0, '2026-04-26 14:06:50', NULL),
	(193, '7718', 0, '2026-04-26 14:06:50', NULL),
	(194, '7798', 0, '2026-04-26 14:06:50', NULL),
	(195, '7800', 0, '2026-04-26 14:06:50', NULL),
	(196, '8010', 0, '2026-05-04 16:25:44', NULL),
	(197, '8016', 0, '2026-04-28 15:19:23', NULL),
	(198, '8375', 0, '2026-04-26 14:06:50', NULL),
	(199, '8085', 0, '2026-04-26 14:06:50', NULL),
	(200, '8663', 0, '2026-04-26 14:06:50', NULL),
	(201, '8654', 0, '2026-04-26 14:06:50', NULL),
	(202, '8813', 0, '2026-04-26 14:06:50', NULL),
	(203, '8657', 0, '2026-04-26 14:06:50', NULL),
	(204, '9254', 0, '2026-04-26 14:06:50', NULL),
	(205, '8974', 0, '2026-05-06 15:44:24', NULL),
	(206, '9475', 0, '2026-04-26 14:06:50', NULL),
	(207, '9778', 0, '2026-04-26 14:06:50', NULL),
	(208, '9842', 0, '2026-04-26 14:06:50', NULL);

-- Volcando datos para la tabla cdf_app.stock_produccion: ~0 rows (aproximadamente)

-- Volcando datos para la tabla cdf_app.sucursales: ~7 rows (aproximadamente)
REPLACE INTO `sucursales` (`id_sucursal`, `nombre`, `ubicacion`) VALUES
	(1, 'Sucursal Centro', 'Pendiente de actualizar'),
	(2, 'Depot 16-Ameghino', ''),
	(3, 'Depot 20-Sarmiento', ''),
	(4, 'Depot 12-Cordoba', ''),
	(5, 'Depot 22-Roca', ''),
	(6, 'Depot 09-Barranqueras', ''),
	(7, 'Depot 03-Italia', '');

-- Volcando datos para la tabla cdf_app.ubicacion: ~0 rows (aproximadamente)

-- Volcando datos para la tabla cdf_app.ubicacion_seq: ~1 rows (aproximadamente)
REPLACE INTO `ubicacion_seq` (`next_not_cached_value`, `minimum_value`, `maximum_value`, `start_value`, `increment`, `cache_size`, `cycle_option`, `cycle_count`) VALUES
	(1, 1, 9223372036854775806, 1, 50, 0, 0, 0);

-- Volcando datos para la tabla cdf_app.usuarios: ~9 rows (aproximadamente)
REPLACE INTO `usuarios` (`id_usuario`, `usuario`, `password`, `rol`, `username`, `rol_id`) VALUES
	(1, 'Edgar', 'legolas01', 'Admin', 'edgar', 1),
	(2, 'Mauricio', '1015', 'Referente', '', NULL),
	(3, 'Juan', '1016', 'Referente', '', NULL),
	(4, 'Ulises', '1017', 'Referente', '', NULL),
	(5, 'Braian', '1018', 'Envasador', '', NULL),
	(6, 'Repo-Jotabe', '0000', 'Feteador', '', NULL),
	(7, 'Repo-Recreo', '0000', 'Feteador', '', NULL),
	(8, 'Repo-Paladini', '0000', 'Feteador', '', NULL),
	(9, 'Repo-Tregar', '0000', 'Feteador', '', NULL);

/*!40103 SET TIME_ZONE=IFNULL(@OLD_TIME_ZONE, 'system') */;
/*!40101 SET SQL_MODE=IFNULL(@OLD_SQL_MODE, '') */;
/*!40014 SET FOREIGN_KEY_CHECKS=IFNULL(@OLD_FOREIGN_KEY_CHECKS, 1) */;
/*!40101 SET CHARACTER_SET_CLIENT=@OLD_CHARACTER_SET_CLIENT */;
/*!40111 SET SQL_NOTES=IFNULL(@OLD_SQL_NOTES, 1) */;
