-- --------------------------------------------------------
-- Host:                         127.0.0.1
-- Versión del servidor:        11.8.6-MariaDB-0+deb13u1 from Debian - -- Please help get to 10k stars at https://github.com/MariaDB/Server
-- SO del servidor:              debian-linux-gnu
-- HeidiSQL Versión:            12.17.1.1
-- --------------------------------------------------------

/*!40101 SET @OLD_CHARACTER_SET_CLIENT=@@CHARACTER_SET_CLIENT */;
/*!40101 SET NAMES utf8 */;
/*!50503 SET NAMES utf8mb4 */;
/*!40103 SET @OLD_TIME_ZONE=@@TIME_ZONE */;
/*!40103 SET TIME_ZONE='+00:00' */;
/*!40014 SET @OLD_FOREIGN_KEY_CHECKS=@@FOREIGN_KEY_CHECKS, FOREIGN_KEY_CHECKS=0 */;
/*!40101 SET @OLD_SQL_MODE=@@SQL_MODE, SQL_MODE='NO_AUTO_VALUE_ON_ZERO' */;
/*!40111 SET @OLD_SQL_NOTES=@@SQL_NOTES, SQL_NOTES=0 */;

-- Volcando datos para la tabla cdf_bd.fraccionados: ~13 rows (aproximadamente)
REPLACE INTO `fraccionados` (`id`, `codigo_producto_original`, `peso_a_fraccionar`, `codigo_fraccionado`, `peso_a_descontar`) VALUES
	(1, '3755', 0.000, '3740', 0.000),
	(2, '4116', 0.001, '1621', 0.000),
	(3, '5446', 0.001, '1753', 0.000),
	(4, '4787', 0.001, '2404', 0.000),
	(5, '6598', 0.001, '2406', 0.000),
	(6, '6442', 0.001, '2443', 0.000),
	(7, '8010', 0.001, '3756', 0.000),
	(8, '8663', 0.001, '7165', 0.000),
	(9, '2190', 0.001, '4027', 0.000),
	(10, '1218', 0.000, '3067', 0.000),
	(11, '6572', 0.001, '2450', 0.000),
	(12, '2379', 0.001, '2842', 0.000),
	(13, '2435', 0.001, '2910', 0.000);

-- Volcando datos para la tabla cdf_bd.pedidos: ~48 rows (aproximadamente)
REPLACE INTO `pedidos` (`id`, `codigo`, `fecha`, `sucursal`, `estado`) VALUES
	(12, 'PED-1776782622478', '2026-04-21', 'Depot 22-Roca', 'Pendiente'),
	(13, 'PED-001', '2026-05-17', 'Central', 'Pendiente'),
	(14, 'PED-1777051847213', '2026-04-24', 'Depot 22-Roca', 'Pendiente'),
	(15, 'PED-1777390576343', '2026-04-28', 'Depot 22-Roca', 'Pendiente'),
	(16, 'PED-1777567235699', '2026-04-30', 'Depot 22-Roca', 'Pendiente'),
	(17, 'PED-1777995557518', '2026-05-05', 'Depot 22-Roca', 'Pendiente'),
	(18, 'PED-1778257585173', '2026-05-08', 'Depot 22-Roca', 'Pendiente'),
	(19, 'PED-1778593299008', '2026-05-12', 'Depot 22-Roca', 'Pendiente'),
	(20, 'PED-1778861572702', '2026-05-15', 'Depot 22-Roca', 'Pendiente'),
	(21, 'PED-1776770007789', '2026-04-21', 'Depot 12-Cordoba', 'Pendiente'),
	(22, 'PED-1776775834835', '2026-04-21', 'Depot 20-Sarmiento', 'Pendiente'),
	(23, 'PED-1776780912989', '2026-04-21', 'Depot 16-Ameghino', 'Pendiente'),
	(24, 'PED-1776781730897', '2026-04-21', 'Depot 09-Barranqueras', 'Pendiente'),
	(25, 'PED-1776959861730', '2026-04-23', 'Depot 16-Ameghino', 'Pendiente'),
	(26, 'PED-1777029929738', '2026-04-24', 'Depot 12-Cordoba', 'Pendiente'),
	(27, 'PED-1777030055110', '2026-04-24', 'Depot 16-Ameghino', 'Pendiente'),
	(28, 'PED-1777031905388', '2026-04-24', 'Depot 20-Sarmiento', 'Pendiente'),
	(29, 'PED-1777296862349', '2026-04-27', 'Depot 03-Italia', 'Pendiente'),
	(30, 'PED-1777373510505', '2026-04-28', 'Depot 16-Ameghino', 'Pendiente'),
	(31, 'PED-1777374815574', '2026-04-28', 'Depot 12-Cordoba', 'Pendiente'),
	(32, 'PED-1777385852629', '2026-04-28', 'Depot 09-Barranqueras', 'Pendiente'),
	(33, 'PED-1777390698818', '2026-04-28', 'Depot 20-Sarmiento', 'Pendiente'),
	(34, 'PED-1777458847525', '2026-04-29', 'Depot 03-Italia', 'Pendiente'),
	(35, 'PED-1777722731622', '2026-05-02', 'Depot 20-Sarmiento', 'Pendiente'),
	(36, 'PED-1777724158494', '2026-05-02', 'Depot 03-Italia', 'Pendiente'),
	(37, 'PED-1777724753456', '2026-05-02', 'Depot 16-Ameghino', 'Pendiente'),
	(38, 'PED-1777895667295', '2026-05-04', 'Depot 03-Italia', 'Pendiente'),
	(39, 'PED-1777982201696', '2026-05-05', 'Depot 12-Cordoba', 'Pendiente'),
	(40, 'PED-1777984909643', '2026-05-05', 'Depot 20-Sarmiento', 'Pendiente'),
	(41, 'PED-1777986449854', '2026-05-05', 'Depot 16-Ameghino', 'Pendiente'),
	(42, 'PED-1777993402989', '2026-05-05', 'Depot 09-Barranqueras', 'Pendiente'),
	(43, 'PED-1778061768853', '2026-05-06', 'Depot 03-Italia', 'Pendiente'),
	(44, 'PED-1778240544176', '2026-05-08', 'Depot 20-Sarmiento', 'Pendiente'),
	(45, 'PED-1778251242331', '2026-05-08', 'Depot 16-Ameghino', 'Pendiente'),
	(46, 'PED-1778255732157', '2026-05-08', 'Depot 09-Barranqueras', 'Pendiente'),
	(47, 'PED-1778256123080', '2026-05-08', 'Depot 12-Cordoba', 'Pendiente'),
	(48, 'PED-1778262318299', '2026-05-08', 'Depot 03-Italia', 'Pendiente'),
	(49, 'PED-1778585706847', '2026-05-12', 'Depot 12-Cordoba', 'Pendiente'),
	(50, 'PED-1778585895956', '2026-05-12', 'Depot 20-Sarmiento', 'Pendiente'),
	(51, 'PED-1778602745400', '2026-05-12', 'Depot 03-Italia', 'Pendiente'),
	(52, 'PED-1778602917272', '2026-05-12', 'Depot 09-Barranqueras', 'Pendiente'),
	(53, 'PED-1778669799429', '2026-05-13', 'Depot 16-Ameghino', 'Pendiente'),
	(54, 'PED-1778684122007', '2026-05-13', 'Depot 16-Ameghino', 'Pendiente'),
	(55, 'PED-1778845050381', '2026-05-15', 'Depot 12-Cordoba', 'Pendiente'),
	(56, 'PED-1778846441425', '2026-05-15', 'Depot 20-Sarmiento', 'Pendiente'),
	(57, 'PED-1778846449999', '2026-05-15', 'Depot 16-Ameghino', 'Pendiente'),
	(58, 'PED-1778850017999', '2026-05-15', 'Depot 03-Italia', 'Pendiente'),
	(59, 'PED-1778861234335', '2026-05-15', 'Depot 09-Barranqueras', 'Pendiente');

-- Volcando datos para la tabla cdf_bd.procesos: ~3 rows (aproximadamente)
REPLACE INTO `procesos` (`id`, `colaborador`, `proceso`, `fecha`, `codigo`, `piezas`, `peso_bruto`, `recorte`, `decomiso`, `kg_a_desc`, `kg_a_sumar`) VALUES
	(1, 'Edgar', 'Fraccionamiento', '2026-05-17', '2912', 2, 11.060, 0.740, 1.980, 3.420, 4.560),
	(6, 'Edgar', 'Fraccionamiento', '2026-05-17', '2912', 1, 1.000, 0.100, 0.000, 0.000, 1.500),
	(11, 'Edgar', 'Fraccionamiento', '2026-05-17', '1218', 1, 3.250, 0.180, 0.085, 2.985, 3.015);

-- Volcando datos para la tabla cdf_bd.producto_pedidos: ~967 rows (aproximadamente)
REPLACE INTO `producto_pedidos` (`id`, `id_pedido`, `codigo_producto`, `pieza`, `fraccion`) VALUES
	(150, 12, '1218', 0, 30.000),
	(151, 12, '1922', 0, 50.000),
	(152, 12, '2379', 0, 50.000),
	(153, 13, '7718', 5, 0.000),
	(154, 14, '1218', 0, 15.000),
	(155, 14, '1922', 0, 50.000),
	(156, 14, '2379', 0, 50.000),
	(157, 14, '2420', 0, 20.000),
	(158, 14, '2424', 0, 10.000),
	(159, 14, '2431', 0, 10.000),
	(160, 14, '2435', 0, 40.000),
	(161, 14, '3755', 0, 40.000),
	(162, 14, '3781', 0, 40.000),
	(163, 14, '3817', 0, 25.000),
	(164, 14, '4116', 0, 20.000),
	(165, 14, '5052', 0, 20.000),
	(166, 14, '5446', 0, 20.000),
	(167, 14, '6055', 0, 20.000),
	(168, 14, '6152', 0, 30.000),
	(169, 14, '6442', 0, 15.000),
	(170, 14, '6572', 0, 15.000),
	(171, 14, '7700', 0, 15.000),
	(172, 14, '7718', 0, 15.000),
	(173, 14, '8010', 0, 40.000),
	(174, 14, '8663', 0, 40.000),
	(175, 15, '1218', 0, 30.000),
	(176, 15, '1922', 0, 60.000),
	(177, 15, '2190', 0, 7.000),
	(178, 15, '2379', 0, 70.000),
	(179, 15, '2420', 0, 30.000),
	(180, 15, '2427', 0, 5.000),
	(181, 15, '2434', 0, 10.000),
	(182, 15, '2435', 0, 70.000),
	(183, 15, '2914', 0, 20.000),
	(184, 15, '3755', 0, 40.000),
	(185, 15, '3781', 0, 40.000),
	(186, 15, '4116', 0, 25.000),
	(187, 15, '4787', 0, 40.000),
	(188, 15, '5052', 0, 20.000),
	(189, 15, '5409', 0, 10.000),
	(190, 15, '6055', 0, 30.000),
	(191, 15, '6152', 0, 20.000),
	(192, 15, '6442', 0, 10.000),
	(193, 15, '6572', 0, 15.000),
	(194, 15, '6598', 0, 20.000),
	(195, 15, '7105', 0, 5.000),
	(196, 15, '7718', 0, 15.000),
	(197, 15, '8010', 0, 60.000),
	(198, 15, '8663', 0, 30.000),
	(199, 16, '1218', 0, 25.000),
	(200, 16, '1922', 0, 40.000),
	(201, 16, '2187', 0, 5.000),
	(202, 16, '2379', 0, 40.000),
	(203, 16, '2435', 0, 40.000),
	(204, 16, '3755', 0, 40.000),
	(205, 16, '3781', 0, 30.000),
	(206, 16, '4116', 0, 20.000),
	(207, 16, '4787', 0, 30.000),
	(208, 16, '5048', 0, 15.000),
	(209, 16, '6055', 0, 30.000),
	(210, 16, '6442', 0, 8.000),
	(211, 16, '6572', 0, 15.000),
	(212, 16, '7718', 0, 10.000),
	(213, 16, '8010', 0, 50.000),
	(214, 17, '1218', 0, 50.000),
	(215, 17, '1541', 0, 10.000),
	(216, 17, '1806', 0, 10.000),
	(217, 17, '1922', 0, 100.000),
	(218, 17, '2190', 0, 20.000),
	(219, 17, '2379', 0, 100.000),
	(220, 17, '2420', 0, 60.000),
	(221, 17, '2422', 0, 100.000),
	(222, 17, '2424', 0, 20.000),
	(223, 17, '2435', 0, 100.000),
	(224, 17, '2912', 0, 60.000),
	(225, 17, '2914', 0, 50.000),
	(226, 17, '3755', 0, 80.000),
	(227, 17, '3781', 0, 100.000),
	(228, 17, '3817', 0, 58.000),
	(229, 17, '4787', 0, 40.000),
	(230, 17, '5048', 0, 40.000),
	(231, 17, '5072', 0, 20.000),
	(232, 17, '5446', 0, 30.000),
	(233, 17, '6055', 0, 60.000),
	(234, 17, '6572', 0, 30.000),
	(235, 17, '6598', 0, 20.000),
	(236, 17, '7718', 0, 30.000),
	(237, 17, '8010', 0, 120.000),
	(238, 17, '8663', 0, 60.000),
	(239, 18, '1218', 0, 15.000),
	(240, 18, '1922', 0, 30.000),
	(241, 18, '2379', 0, 30.000),
	(242, 18, '2420', 0, 40.000),
	(243, 18, '2422', 0, 30.000),
	(244, 18, '2434', 0, 5.000),
	(245, 18, '2435', 0, 60.000),
	(246, 18, '2912', 0, 50.000),
	(247, 18, '3755', 0, 40.000),
	(248, 18, '3781', 0, 50.000),
	(249, 18, '3817', 0, 20.000),
	(250, 18, '4116', 0, 25.000),
	(251, 18, '4787', 0, 40.000),
	(252, 18, '5072', 0, 15.000),
	(253, 18, '5446', 0, 25.000),
	(254, 18, '6055', 0, 30.000),
	(255, 18, '6152', 0, 30.000),
	(256, 18, '6442', 0, 10.000),
	(257, 18, '6598', 0, 20.000),
	(258, 18, '8010', 0, 60.000),
	(259, 19, '1218', 0, 20.000),
	(260, 19, '2379', 0, 50.000),
	(261, 19, '2420', 0, 49.000),
	(262, 19, '2424', 5, 0.000),
	(263, 19, '2435', 0, 60.000),
	(264, 19, '2912', 0, 50.000),
	(265, 19, '2914', 0, 15.000),
	(266, 19, '3755', 0, 50.000),
	(267, 19, '3781', 0, 50.000),
	(268, 19, '4787', 0, 40.000),
	(269, 19, '5446', 0, 15.000),
	(270, 19, '6152', 0, 30.000),
	(271, 19, '6442', 0, 5.000),
	(272, 19, '6598', 0, 15.000),
	(273, 19, '7718', 15, 0.000),
	(274, 19, '8010', 0, 60.000),
	(275, 20, '1922', 0, 40.000),
	(276, 20, '2190', 0, 5.000),
	(277, 20, '2250', 0, 15.000),
	(278, 20, '2264', 0, 12.000),
	(279, 20, '2379', 0, 40.000),
	(280, 20, '2422', 0, 30.000),
	(281, 20, '2427', 5, 0.000),
	(282, 20, '2431', 0, 5.000),
	(283, 20, '2435', 0, 40.000),
	(284, 20, '2912', 0, 30.000),
	(285, 20, '2914', 0, 20.000),
	(286, 20, '3755', 0, 40.000),
	(287, 20, '3781', 0, 40.000),
	(288, 20, '3817', 0, 25.000),
	(289, 20, '4116', 0, 25.000),
	(290, 20, '5072', 10, 0.000),
	(291, 20, '5075', 5, 0.000),
	(292, 20, '5076', 5, 0.000),
	(293, 20, '5446', 0, 35.000),
	(294, 20, '6152', 0, 30.000),
	(295, 20, '6442', 0, 10.000),
	(296, 20, '6598', 0, 20.000),
	(297, 20, '7718', 0, 10.000),
	(298, 20, '8010', 0, 50.000),
	(299, 20, '8663', 5, 0.000),
	(300, 20, '665072', 6, 0.000),
	(301, 20, '665073', 6, 0.000),
	(302, 20, '665075', 6, 0.000),
	(303, 20, '666043', 6, 0.000),
	(304, 21, '1218', 0, 45.000),
	(305, 21, '2254', 0, 30.000),
	(306, 21, '2264', 0, 9.000),
	(307, 21, '2379', 0, 30.000),
	(308, 21, '2420', 0, 45.000),
	(309, 21, '2435', 0, 45.000),
	(310, 21, '2438', 0, 45.000),
	(311, 21, '2912', 0, 40.000),
	(312, 21, '3755', 0, 35.000),
	(313, 21, '3781', 0, 40.000),
	(314, 21, '4116', 0, 12.000),
	(315, 21, '4787', 0, 35.000),
	(316, 21, '6152', 0, 15.000),
	(317, 21, '7700', 0, 9.000),
	(318, 21, '8010', 0, 45.000),
	(319, 22, '1218', 0, 50.000),
	(320, 22, '1922', 0, 20.000),
	(321, 22, '2190', 1, 15.000),
	(322, 22, '2250', 0, 20.000),
	(323, 22, '2254', 0, 100.000),
	(324, 22, '2379', 0, 50.000),
	(325, 22, '2420', 0, 100.000),
	(326, 22, '2431', 0, 10.000),
	(327, 22, '2435', 0, 160.000),
	(328, 22, '2438', 0, 20.000),
	(329, 22, '2912', 0, 100.000),
	(330, 22, '2925', 2, 0.000),
	(331, 22, '3755', 0, 100.000),
	(332, 22, '3781', 0, 100.000),
	(333, 22, '3817', 0, 30.000),
	(334, 22, '4787', 0, 20.000),
	(335, 22, '5052', 2, 0.000),
	(336, 22, '5446', 0, 15.000),
	(337, 22, '6152', 1, 0.000),
	(338, 22, '6442', 0, 15.000),
	(339, 22, '6572', 0, 30.000),
	(340, 22, '6598', 0, 20.000),
	(341, 22, '7105', 0, 15.000),
	(342, 22, '8010', 2, 160.000),
	(343, 23, '1218', 0, 15.000),
	(344, 23, '1922', 0, 13.000),
	(345, 23, '2250', 0, 20.000),
	(346, 23, '2379', 0, 15.000),
	(347, 23, '2420', 0, 20.000),
	(348, 23, '2435', 0, 20.000),
	(349, 23, '2914', 0, 15.000),
	(350, 23, '3755', 0, 15.000),
	(351, 23, '3781', 0, 20.000),
	(352, 23, '3817', 0, 13.000),
	(353, 23, '4116', 0, 13.000),
	(354, 23, '6152', 0, 16.000),
	(355, 23, '6572', 0, 10.000),
	(356, 23, '7718', 0, 6.000),
	(357, 24, '1218', 0, 30.000),
	(358, 24, '1922', 0, 30.000),
	(359, 24, '2190', 0, 10.000),
	(360, 24, '2250', 0, 30.000),
	(361, 24, '2264', 0, 20.000),
	(362, 24, '2379', 0, 20.000),
	(363, 24, '2420', 0, 60.000),
	(364, 24, '2435', 0, 60.000),
	(365, 24, '2438', 0, 30.000),
	(366, 24, '2912', 0, 50.000),
	(367, 24, '3755', 0, 50.000),
	(368, 24, '3781', 4, 50.000),
	(369, 24, '3817', 0, 30.000),
	(370, 24, '4116', 0, 40.000),
	(371, 24, '4318', 0, 10.000),
	(372, 24, '4787', 0, 50.000),
	(373, 24, '5446', 0, 25.000),
	(374, 24, '6152', 0, 30.000),
	(375, 24, '6442', 0, 10.000),
	(376, 24, '6572', 0, 10.000),
	(377, 24, '6598', 0, 25.000),
	(378, 24, '7105', 0, 10.000),
	(379, 24, '7700', 0, 20.000),
	(380, 24, '8010', 0, 70.000),
	(381, 24, '8663', 0, 40.000),
	(382, 24, '8974', 0, 10.000),
	(383, 25, '2379', 0, 20.000),
	(384, 25, '2435', 0, 20.000),
	(385, 25, '8010', 0, 20.000),
	(386, 26, '1218', 0, 50.000),
	(387, 26, '2379', 0, 40.000),
	(388, 26, '2435', 0, 50.000),
	(389, 26, '2925', 0, 15.000),
	(390, 26, '3755', 0, 45.000),
	(391, 26, '3781', 0, 45.000),
	(392, 26, '4116', 0, 15.000),
	(393, 26, '4787', 0, 45.000),
	(394, 26, '6152', 0, 15.000),
	(395, 26, '6442', 0, 15.000),
	(396, 26, '8010', 0, 50.000),
	(397, 26, '8016', 0, 15.000),
	(398, 27, '1218', 0, 20.000),
	(399, 27, '1922', 0, 10.000),
	(400, 27, '2190', 0, 4.000),
	(401, 27, '2254', 0, 15.000),
	(402, 27, '2264', 0, 15.000),
	(403, 27, '2379', 0, 35.000),
	(404, 27, '2420', 0, 15.000),
	(405, 27, '2435', 0, 25.000),
	(406, 27, '2925', 0, 4.000),
	(407, 27, '3755', 0, 20.000),
	(408, 27, '3817', 0, 15.000),
	(409, 27, '4116', 0, 20.000),
	(410, 27, '5446', 0, 16.000),
	(411, 27, '6572', 0, 15.000),
	(412, 27, '8974', 0, 4.000),
	(413, 28, '1218', 0, 30.000),
	(414, 28, '1922', 0, 20.000),
	(415, 28, '2250', 0, 10.000),
	(416, 28, '2254', 0, 100.000),
	(417, 28, '2264', 0, 10.000),
	(418, 28, '2374', 1, 0.000),
	(419, 28, '2379', 0, 50.000),
	(420, 28, '2420', 0, 80.000),
	(421, 28, '2435', 0, 100.000),
	(422, 28, '2912', 2, 50.000),
	(423, 28, '2925', 0, 5.000),
	(424, 28, '3755', 0, 100.000),
	(425, 28, '3781', 2, 50.000),
	(426, 28, '3817', 0, 20.000),
	(427, 28, '4116', 0, 20.000),
	(428, 28, '4787', 0, 100.000),
	(429, 28, '5075', 10, 0.000),
	(430, 28, '5076', 10, 0.000),
	(431, 28, '5446', 0, 10.000),
	(432, 28, '6011', 1, 0.000),
	(433, 28, '6152', 0, 15.000),
	(434, 28, '6442', 0, 15.000),
	(435, 28, '6572', 0, 20.000),
	(436, 28, '6598', 0, 10.000),
	(437, 28, '8010', 0, 100.000),
	(438, 29, '1218', 1, 0.000),
	(439, 29, '1806', 0, 5.000),
	(440, 29, '1922', 0, 50.000),
	(441, 29, '2073', 0, 20.000),
	(442, 29, '2190', 0, 30.000),
	(443, 29, '2379', 0, 50.000),
	(444, 29, '2381', 0, 5.000),
	(445, 29, '2434', 0, 30.000),
	(446, 29, '2435', 1, 0.000),
	(447, 29, '3755', 0, 40.000),
	(448, 29, '4787', 0, 40.000),
	(449, 29, '5075', 0, 12.000),
	(450, 29, '5076', 0, 12.000),
	(451, 29, '5409', 0, 20.000),
	(452, 29, '5915', 0, 5.000),
	(453, 29, '6442', 0, 10.000),
	(454, 30, '1806', 0, 15.000),
	(455, 30, '1816', 0, 45.000),
	(456, 30, '1922', 0, 40.000),
	(457, 30, '2250', 0, 30.000),
	(458, 30, '2379', 0, 55.000),
	(459, 30, '2420', 0, 50.000),
	(460, 30, '2435', 0, 40.000),
	(461, 30, '2438', 0, 25.000),
	(462, 30, '2440', 0, 10.000),
	(463, 30, '2914', 0, 30.000),
	(464, 30, '3755', 0, 35.000),
	(465, 30, '3781', 0, 30.000),
	(466, 30, '5409', 0, 10.000),
	(467, 30, '5915', 0, 10.000),
	(468, 30, '6055', 0, 42.000),
	(469, 30, '6152', 0, 30.000),
	(470, 30, '6253', 0, 35.000),
	(471, 30, '6598', 0, 15.000),
	(472, 30, '7718', 0, 13.000),
	(473, 30, '8974', 0, 5.000),
	(474, 31, '1218', 0, 45.000),
	(475, 31, '2254', 0, 35.000),
	(476, 31, '2264', 0, 12.000),
	(477, 31, '2379', 0, 40.000),
	(478, 31, '2420', 0, 50.000),
	(479, 31, '2435', 0, 45.000),
	(480, 31, '2438', 0, 50.000),
	(481, 31, '2912', 0, 35.000),
	(482, 31, '2925', 0, 6.000),
	(483, 31, '3755', 0, 35.000),
	(484, 31, '3781', 0, 35.000),
	(485, 31, '4116', 0, 12.000),
	(486, 31, '4787', 0, 35.000),
	(487, 31, '6152', 0, 15.000),
	(488, 31, '6442', 0, 15.000),
	(489, 31, '8010', 0, 50.000),
	(490, 32, '1218', 0, 30.000),
	(491, 32, '1922', 0, 30.000),
	(492, 32, '2250', 0, 30.000),
	(493, 32, '2254', 0, 40.000),
	(494, 32, '2264', 0, 30.000),
	(495, 32, '2379', 0, 20.000),
	(496, 32, '2420', 0, 60.000),
	(497, 32, '2434', 0, 10.000),
	(498, 32, '2435', 0, 60.000),
	(499, 32, '2438', 0, 30.000),
	(500, 32, '2912', 0, 50.000),
	(501, 32, '2914', 2, 40.000),
	(502, 32, '2925', 0, 10.000),
	(503, 32, '3755', 0, 50.000),
	(504, 32, '3781', 4, 50.000),
	(505, 32, '3817', 0, 25.000),
	(506, 32, '4116', 0, 25.000),
	(507, 32, '4318', 0, 10.000),
	(508, 32, '4787', 0, 60.000),
	(509, 32, '5446', 0, 30.000),
	(510, 32, '6152', 2, 30.000),
	(511, 32, '6442', 0, 10.000),
	(512, 32, '6572', 0, 20.000),
	(513, 32, '6598', 0, 30.000),
	(514, 32, '7105', 0, 15.000),
	(515, 32, '7700', 0, 20.000),
	(516, 32, '8010', 0, 60.000),
	(517, 32, '8016', 0, 10.000),
	(518, 32, '8085', 0, 10.000),
	(519, 32, '8663', 0, 30.000),
	(520, 32, '8974', 0, 10.000),
	(521, 33, '1218', 0, 60.000),
	(522, 33, '1922', 0, 20.000),
	(523, 33, '2187', 1, 0.000),
	(524, 33, '2190', 0, 20.000),
	(525, 33, '2250', 0, 30.000),
	(526, 33, '2254', 0, 40.000),
	(527, 33, '2264', 0, 20.000),
	(528, 33, '2379', 0, 50.000),
	(529, 33, '2381', 1, 0.000),
	(530, 33, '2420', 0, 60.000),
	(531, 33, '2435', 0, 60.000),
	(532, 33, '2438', 0, 60.000),
	(533, 33, '2912', 0, 50.000),
	(534, 33, '2914', 0, 10.000),
	(535, 33, '2925', 1, 10.000),
	(536, 33, '3755', 0, 50.000),
	(537, 33, '3781', 2, 40.000),
	(538, 33, '4116', 0, 30.000),
	(539, 33, '4787', 0, 50.000),
	(540, 33, '5048', 1, 0.000),
	(541, 33, '5052', 2, 0.000),
	(542, 33, '5072', 0, 2.000),
	(543, 33, '5075', 24, 0.000),
	(544, 33, '5076', 24, 0.000),
	(545, 33, '5446', 0, 15.000),
	(546, 33, '6011', 6, 0.000),
	(547, 33, '6152', 0, 30.000),
	(548, 33, '6442', 0, 15.000),
	(549, 33, '6572', 0, 20.000),
	(550, 33, '6598', 0, 15.000),
	(551, 33, '7105', 0, 15.000),
	(552, 33, '7700', 0, 20.000),
	(553, 33, '8010', 0, 60.000),
	(554, 33, '8016', 0, 5.000),
	(555, 33, '8974', 0, 5.000),
	(556, 34, '1218', 0, 30.000),
	(557, 34, '1922', 0, 80.000),
	(558, 34, '2073', 0, 10.000),
	(559, 34, '2190', 0, 30.000),
	(560, 34, '2250', 0, 10.000),
	(561, 34, '2254', 0, 30.000),
	(562, 34, '2379', 0, 50.000),
	(563, 34, '2427', 0, 10.000),
	(564, 34, '2434', 0, 30.000),
	(565, 34, '2435', 0, 100.000),
	(566, 34, '2925', 0, 10.000),
	(567, 34, '3755', 0, 75.000),
	(568, 34, '3781', 0, 75.000),
	(569, 34, '4787', 0, 75.000),
	(570, 34, '4898', 0, 5.000),
	(571, 34, '4998', 0, 5.000),
	(572, 34, '6442', 0, 5.000),
	(573, 34, '6598', 0, 8.000),
	(574, 34, '7105', 0, 5.000),
	(575, 34, '7700', 20, 0.000),
	(576, 34, '7718', 0, 20.000),
	(577, 34, '8010', 0, 100.000),
	(578, 34, '8016', 0, 10.000),
	(579, 34, '8974', 8, 0.000),
	(580, 35, '1218', 0, 50.000),
	(581, 35, '1611', 1, 0.000),
	(582, 35, '1922', 0, 40.000),
	(583, 35, '2187', 1, 0.000),
	(584, 35, '2190', 0, 10.000),
	(585, 35, '2250', 0, 120.000),
	(586, 35, '2254', 0, 40.000),
	(587, 35, '2264', 0, 20.000),
	(588, 35, '2379', 0, 50.000),
	(589, 35, '2381', 1, 0.000),
	(590, 35, '2420', 0, 50.000),
	(591, 35, '2435', 0, 50.000),
	(592, 35, '2438', 0, 85.000),
	(593, 35, '2912', 3, 45.000),
	(594, 35, '2925', 1, 5.000),
	(595, 35, '3755', 0, 15.000),
	(596, 35, '3781', 3, 45.000),
	(597, 35, '3817', 1, 20.000),
	(598, 35, '4116', 0, 20.000),
	(599, 35, '4787', 0, 45.000),
	(600, 35, '5048', 1, 0.000),
	(601, 35, '5052', 2, 0.000),
	(602, 35, '5075', 24, 0.000),
	(603, 35, '5076', 24, 0.000),
	(604, 35, '5446', 0, 20.000),
	(605, 35, '6011', 6, 0.000),
	(606, 35, '6152', 0, 30.000),
	(607, 35, '6442', 0, 15.000),
	(608, 35, '6572', 0, 25.000),
	(609, 35, '6598', 0, 15.000),
	(610, 35, '7105', 0, 10.000),
	(611, 35, '7700', 0, 15.000),
	(612, 35, '8010', 0, 50.000),
	(613, 36, '1922', 0, 80.000),
	(614, 36, '2073', 0, 15.000),
	(615, 36, '2190', 0, 12.000),
	(616, 36, '2254', 0, 25.000),
	(617, 36, '2264', 0, 12.000),
	(618, 36, '2379', 0, 80.000),
	(619, 36, '2420', 0, 40.000),
	(620, 36, '2422', 0, 60.000),
	(621, 36, '2431', 0, 20.000),
	(622, 36, '2434', 0, 12.000),
	(623, 36, '2435', 0, 120.000),
	(624, 36, '2440', 0, 20.000),
	(625, 36, '2441', 0, 20.000),
	(626, 36, '2912', 0, 75.000),
	(627, 36, '2925', 0, 12.000),
	(628, 36, '3755', 0, 60.000),
	(629, 36, '3781', 0, 75.000),
	(630, 36, '3817', 0, 12.000),
	(631, 36, '4318', 0, 12.000),
	(632, 36, '4787', 0, 60.000),
	(633, 36, '6152', 0, 25.000),
	(634, 36, '6442', 0, 10.000),
	(635, 36, '6598', 0, 15.000),
	(636, 36, '7105', 0, 5.000),
	(637, 36, '8010', 0, 80.000),
	(638, 36, '8016', 0, 12.000),
	(639, 37, '1816', 0, 25.000),
	(640, 37, '1922', 0, 15.000),
	(641, 37, '2264', 0, 20.000),
	(642, 37, '2379', 0, 20.000),
	(643, 37, '2420', 0, 30.000),
	(644, 37, '2438', 0, 25.000),
	(645, 37, '2914', 0, 20.000),
	(646, 37, '3755', 0, 25.000),
	(647, 37, '6253', 0, 35.000),
	(648, 37, '6572', 0, 20.000),
	(649, 38, '1922', 0, 20.000),
	(650, 38, '2379', 0, 30.000),
	(651, 38, '2420', 0, 30.000),
	(652, 38, '2422', 0, 30.000),
	(653, 38, '2435', 0, 70.000),
	(654, 38, '2440', 0, 15.000),
	(655, 38, '2441', 0, 15.000),
	(656, 38, '2925', 0, 12.000),
	(657, 38, '3755', 0, 40.000),
	(658, 38, '4116', 0, 15.000),
	(659, 38, '8010', 0, 30.000),
	(660, 39, '1218', 0, 150.000),
	(661, 39, '2254', 0, 70.000),
	(662, 39, '2264', 0, 24.000),
	(663, 39, '2379', 0, 140.000),
	(664, 39, '2420', 0, 160.000),
	(665, 39, '2422', 0, 160.000),
	(666, 39, '2435', 0, 150.000),
	(667, 39, '2438', 0, 150.000),
	(668, 39, '2912', 0, 70.000),
	(669, 39, '3755', 0, 70.000),
	(670, 39, '4116', 0, 24.000),
	(671, 39, '4787', 0, 70.000),
	(672, 39, '6152', 0, 32.000),
	(673, 39, '8010', 0, 100.000),
	(674, 40, '1218', 0, 100.000),
	(675, 40, '1922', 0, 100.000),
	(676, 40, '2190', 0, 30.000),
	(677, 40, '2250', 0, 30.000),
	(678, 40, '2254', 0, 90.000),
	(679, 40, '2264', 0, 20.000),
	(680, 40, '2379', 0, 100.000),
	(681, 40, '2420', 0, 100.000),
	(682, 40, '2435', 0, 100.000),
	(683, 40, '2438', 0, 70.000),
	(684, 40, '2912', 0, 90.000),
	(685, 40, '2925', 0, 10.000),
	(686, 40, '3755', 0, 90.000),
	(687, 40, '3781', 0, 90.000),
	(688, 40, '3817', 0, 40.000),
	(689, 40, '4116', 0, 40.000),
	(690, 40, '4787', 0, 80.000),
	(691, 40, '5072', 2, 0.000),
	(692, 40, '5075', 24, 0.000),
	(693, 40, '5076', 24, 0.000),
	(694, 40, '5446', 0, 30.000),
	(695, 40, '6011', 16, 0.000),
	(696, 40, '6152', 0, 50.000),
	(697, 40, '6442', 0, 30.000),
	(698, 40, '6572', 0, 40.000),
	(699, 40, '6598', 0, 30.000),
	(700, 40, '7105', 0, 40.000),
	(701, 40, '7700', 0, 30.000),
	(702, 40, '7718', 0, 40.000),
	(703, 40, '8010', 0, 100.000),
	(704, 40, '8016', 0, 10.000),
	(705, 40, '8974', 0, 10.000),
	(706, 41, '1218', 0, 20.000),
	(707, 41, '1922', 0, 80.000),
	(708, 41, '2190', 0, 8.000),
	(709, 41, '2254', 0, 100.000),
	(710, 41, '2264', 0, 20.000),
	(711, 41, '2379', 0, 40.000),
	(712, 41, '2420', 0, 100.000),
	(713, 41, '2422', 0, 80.000),
	(714, 41, '2431', 0, 8.000),
	(715, 41, '2435', 0, 100.000),
	(716, 41, '2925', 0, 10.000),
	(717, 41, '3755', 0, 100.000),
	(718, 41, '3817', 0, 30.000),
	(719, 41, '4116', 0, 30.000),
	(720, 41, '4787', 0, 20.000),
	(721, 41, '6442', 0, 8.000),
	(722, 41, '7105', 0, 8.000),
	(723, 42, '1218', 0, 40.000),
	(724, 42, '2190', 0, 30.000),
	(725, 42, '2250', 0, 50.000),
	(726, 42, '2254', 0, 60.000),
	(727, 42, '2264', 0, 40.000),
	(728, 42, '2379', 0, 40.000),
	(729, 42, '2420', 0, 100.000),
	(730, 42, '2422', 0, 40.000),
	(731, 42, '2424', 0, 30.000),
	(732, 42, '2431', 0, 20.000),
	(733, 42, '2434', 0, 20.000),
	(734, 42, '2435', 0, 140.000),
	(735, 42, '2438', 0, 30.000),
	(736, 42, '2912', 0, 80.000),
	(737, 42, '2914', 0, 40.000),
	(738, 42, '3755', 0, 120.000),
	(739, 42, '3781', 0, 100.000),
	(740, 42, '3817', 0, 30.000),
	(741, 42, '4116', 0, 40.000),
	(742, 42, '4318', 0, 20.000),
	(743, 42, '4787', 0, 100.000),
	(744, 42, '4929', 0, 20.000),
	(745, 42, '5409', 0, 20.000),
	(746, 42, '5446', 0, 40.000),
	(747, 42, '6152', 0, 40.000),
	(748, 42, '6442', 0, 30.000),
	(749, 42, '6572', 0, 40.000),
	(750, 42, '6598', 0, 30.000),
	(751, 42, '7700', 0, 30.000),
	(752, 42, '8010', 0, 120.000),
	(753, 42, '8663', 0, 80.000),
	(754, 42, '8974', 0, 20.000),
	(755, 43, '1218', 0, 100.000),
	(756, 43, '1922', 0, 180.000),
	(757, 43, '2073', 0, 50.000),
	(758, 43, '2190', 0, 60.000),
	(759, 43, '2250', 0, 60.000),
	(760, 43, '2254', 0, 60.000),
	(761, 43, '2264', 0, 60.000),
	(762, 43, '2379', 0, 140.000),
	(763, 43, '2420', 0, 180.000),
	(764, 43, '2422', 0, 140.000),
	(765, 43, '2435', 0, 160.000),
	(766, 43, '2438', 0, 100.000),
	(767, 43, '2912', 0, 120.000),
	(768, 43, '3755', 0, 140.000),
	(769, 43, '3781', 0, 140.000),
	(770, 43, '3817', 0, 40.000),
	(771, 43, '4116', 0, 80.000),
	(772, 43, '4318', 0, 30.000),
	(773, 43, '4787', 0, 140.000),
	(774, 43, '5446', 0, 60.000),
	(775, 43, '6442', 0, 30.000),
	(776, 43, '6572', 0, 40.000),
	(777, 43, '7105', 0, 60.000),
	(778, 43, '7718', 0, 80.000),
	(779, 43, '8010', 0, 180.000),
	(780, 44, '1218', 0, 30.000),
	(781, 44, '1922', 0, 20.000),
	(782, 44, '2190', 0, 20.000),
	(783, 44, '2254', 0, 50.000),
	(784, 44, '2374', 1, 0.000),
	(785, 44, '2379', 0, 50.000),
	(786, 44, '2420', 0, 100.000),
	(787, 44, '2422', 0, 50.000),
	(788, 44, '2431', 0, 10.000),
	(789, 44, '2435', 0, 120.000),
	(790, 44, '2438', 0, 15.000),
	(791, 44, '2912', 0, 30.000),
	(792, 44, '3755', 0, 85.000),
	(793, 44, '3781', 2, 50.000),
	(794, 44, '3817', 0, 20.000),
	(795, 44, '4116', 0, 10.000),
	(796, 44, '4787', 0, 20.000),
	(797, 44, '5052', 2, 0.000),
	(798, 44, '5446', 0, 10.000),
	(799, 44, '6011', 1, 0.000),
	(800, 44, '6152', 0, 10.000),
	(801, 44, '6442', 0, 15.000),
	(802, 44, '6572', 0, 10.000),
	(803, 44, '6598', 0, 20.000),
	(804, 44, '7718', 0, 20.000),
	(805, 44, '8010', 0, 100.000),
	(806, 44, '8016', 1, 0.000),
	(807, 45, '1218', 0, 15.000),
	(808, 45, '1922', 0, 10.000),
	(809, 45, '2250', 0, 15.000),
	(810, 45, '2254', 0, 20.000),
	(811, 45, '2379', 0, 20.000),
	(812, 45, '2420', 0, 40.000),
	(813, 45, '2422', 0, 20.000),
	(814, 45, '2435', 0, 40.000),
	(815, 45, '3755', 0, 40.000),
	(816, 45, '3781', 0, 40.000),
	(817, 45, '3817', 0, 10.000),
	(818, 45, '4116', 0, 15.000),
	(819, 45, '4787', 0, 20.000),
	(820, 45, '6152', 0, 15.000),
	(821, 45, '6442', 0, 10.000),
	(822, 46, '1218', 0, 30.000),
	(823, 46, '2250', 0, 20.000),
	(824, 46, '2254', 0, 30.000),
	(825, 46, '2264', 0, 20.000),
	(826, 46, '2420', 0, 60.000),
	(827, 46, '2434', 0, 10.000),
	(828, 46, '2435', 0, 60.000),
	(829, 46, '2438', 0, 20.000),
	(830, 46, '2912', 2, 40.000),
	(831, 46, '2914', 0, 15.000),
	(832, 46, '3781', 10, 40.000),
	(833, 46, '3817', 0, 15.000),
	(834, 46, '4116', 0, 25.000),
	(835, 46, '4787', 0, 40.000),
	(836, 46, '5446', 0, 25.000),
	(837, 46, '5915', 0, 10.000),
	(838, 46, '6152', 0, 20.000),
	(839, 46, '6442', 0, 10.000),
	(840, 46, '6572', 0, 15.000),
	(841, 46, '6598', 0, 20.000),
	(842, 46, '7700', 0, 40.000),
	(843, 46, '7718', 0, 20.000),
	(844, 46, '8010', 0, 60.000),
	(845, 46, '8663', 0, 30.000),
	(846, 47, '1218', 0, 50.000),
	(847, 47, '1922', 0, 49.000),
	(848, 47, '2254', 0, 50.000),
	(849, 47, '2379', 0, 50.000),
	(850, 47, '2420', 0, 50.000),
	(851, 47, '2422', 0, 50.000),
	(852, 47, '2435', 0, 50.000),
	(853, 47, '2438', 0, 50.000),
	(854, 47, '3755', 0, 50.000),
	(855, 47, '3781', 0, 50.000),
	(856, 47, '4116', 0, 25.000),
	(857, 47, '4318', 2, 0.000),
	(858, 47, '4787', 0, 50.000),
	(859, 47, '5446', 0, 15.000),
	(860, 47, '6152', 0, 15.000),
	(861, 47, '6598', 0, 20.000),
	(862, 47, '7700', 0, 10.000),
	(863, 47, '8010', 0, 50.000),
	(864, 48, '1218', 0, 80.000),
	(865, 48, '1541', 0, 12.000),
	(866, 48, '1806', 0, 12.000),
	(867, 48, '1816', 0, 60.000),
	(868, 48, '1922', 0, 120.000),
	(869, 48, '2190', 0, 40.000),
	(870, 48, '2250', 0, 50.000),
	(871, 48, '2254', 0, 80.000),
	(872, 48, '2264', 0, 60.000),
	(873, 48, '2266', 0, 12.000),
	(874, 48, '2379', 0, 100.000),
	(875, 48, '2420', 0, 100.000),
	(876, 48, '2422', 0, 100.000),
	(877, 48, '2427', 0, 20.000),
	(878, 48, '2431', 0, 30.000),
	(879, 48, '2434', 0, 30.000),
	(880, 48, '2435', 0, 200.000),
	(881, 48, '2440', 0, 15.000),
	(882, 48, '2912', 0, 90.000),
	(883, 48, '2914', 0, 50.000),
	(884, 48, '2925', 0, 30.000),
	(885, 48, '3483', 0, 30.000),
	(886, 48, '3755', 0, 200.000),
	(887, 48, '3781', 0, 200.000),
	(888, 48, '3817', 0, 60.000),
	(889, 48, '4116', 0, 70.000),
	(890, 48, '4318', 0, 25.000),
	(891, 48, '4787', 0, 180.000),
	(892, 48, '5446', 0, 60.000),
	(893, 48, '5915', 0, 12.000),
	(894, 48, '6055', 0, 60.000),
	(895, 48, '6152', 0, 60.000),
	(896, 48, '6253', 0, 60.000),
	(897, 48, '6442', 0, 25.000),
	(898, 48, '6572', 0, 70.000),
	(899, 48, '6598', 0, 40.000),
	(900, 48, '7700', 0, 60.000),
	(901, 48, '7718', 0, 30.000),
	(902, 48, '8010', 0, 200.000),
	(903, 48, '8085', 0, 60.000),
	(904, 48, '8654', 0, 120.000),
	(905, 48, '8974', 0, 30.000),
	(906, 49, '1922', 0, 75.000),
	(907, 49, '2250', 0, 50.000),
	(908, 49, '2254', 0, 100.000),
	(909, 49, '2379', 0, 75.000),
	(910, 49, '2420', 0, 100.000),
	(911, 49, '2422', 0, 75.000),
	(912, 49, '2435', 0, 120.000),
	(913, 49, '2438', 0, 75.000),
	(914, 49, '3755', 0, 100.000),
	(915, 49, '3781', 0, 75.000),
	(916, 49, '4116', 0, 50.000),
	(917, 49, '4787', 0, 75.000),
	(918, 49, '8010', 0, 100.000),
	(919, 50, '1218', 0, 30.000),
	(920, 50, '1922', 0, 20.000),
	(921, 50, '2190', 0, 15.000),
	(922, 50, '2254', 0, 50.000),
	(923, 50, '2374', 1, 0.000),
	(924, 50, '2379', 0, 50.000),
	(925, 50, '2420', 0, 50.000),
	(926, 50, '2422', 0, 20.000),
	(927, 50, '2431', 0, 10.000),
	(928, 50, '2435', 0, 100.000),
	(929, 50, '2912', 0, 30.000),
	(930, 50, '2925', 0, 5.000),
	(931, 50, '3755', 0, 100.000),
	(932, 50, '3781', 0, 50.000),
	(933, 50, '3817', 0, 20.000),
	(934, 50, '4116', 0, 15.000),
	(935, 50, '4787', 0, 50.000),
	(936, 50, '5048', 1, 0.000),
	(937, 50, '5052', 1, 0.000),
	(938, 50, '5072', 1, 0.000),
	(939, 50, '6011', 1, 0.000),
	(940, 50, '6055', 1, 0.000),
	(941, 50, '6152', 0, 10.000),
	(942, 50, '6442', 0, 20.000),
	(943, 50, '6572', 0, 20.000),
	(944, 50, '6598', 0, 20.000),
	(945, 50, '7105', 0, 10.000),
	(946, 50, '7700', 0, 20.000),
	(947, 50, '8010', 0, 100.000),
	(948, 50, '8016', 0, 5.000),
	(949, 50, '665072', 10, 0.000),
	(950, 50, '665073', 10, 0.000),
	(951, 50, '665075', 10, 0.000),
	(952, 50, '666043', 10, 0.000),
	(953, 50, '666047', 10, 0.000),
	(954, 51, '1218', 0, 15.000),
	(955, 51, '1922', 0, 20.000),
	(956, 51, '2250', 0, 20.000),
	(957, 51, '2254', 0, 40.000),
	(958, 51, '2379', 0, 50.000),
	(959, 51, '2420', 0, 15.000),
	(960, 51, '2422', 0, 30.000),
	(961, 51, '2431', 0, 15.000),
	(962, 51, '2435', 0, 60.000),
	(963, 51, '2912', 0, 30.000),
	(964, 51, '2914', 0, 10.000),
	(965, 51, '2925', 0, 15.000),
	(966, 51, '3755', 0, 40.000),
	(967, 51, '3781', 0, 30.000),
	(968, 51, '3817', 0, 15.000),
	(969, 51, '4787', 0, 20.000),
	(970, 51, '5446', 0, 15.000),
	(971, 51, '7700', 0, 15.000),
	(972, 51, '7718', 10, 0.000),
	(973, 51, '8010', 0, 50.000),
	(974, 51, '8016', 0, 15.000),
	(975, 52, '1218', 0, 15.000),
	(976, 52, '2254', 0, 20.000),
	(977, 52, '2264', 0, 15.000),
	(978, 52, '2420', 0, 40.000),
	(979, 52, '2435', 0, 40.000),
	(980, 52, '2438', 0, 15.000),
	(981, 52, '3755', 0, 30.000),
	(982, 52, '3781', 0, 20.000),
	(983, 52, '3817', 0, 15.000),
	(984, 52, '4116', 0, 15.000),
	(985, 52, '5446', 0, 15.000),
	(986, 52, '6152', 0, 15.000),
	(987, 52, '6598', 0, 20.000),
	(988, 52, '7105', 0, 3.000),
	(989, 52, '8010', 0, 40.000),
	(990, 53, '1218', 0, 20.000),
	(991, 53, '1922', 0, 40.000),
	(992, 53, '2379', 0, 40.000),
	(993, 53, '2420', 0, 50.000),
	(994, 53, '2422', 0, 20.000),
	(995, 53, '2431', 0, 10.000),
	(996, 53, '2435', 0, 50.000),
	(997, 53, '2925', 0, 10.000),
	(998, 53, '3755', 0, 50.000),
	(999, 53, '3781', 0, 50.000),
	(1000, 53, '3817', 0, 5.000),
	(1001, 53, '4116', 0, 10.000),
	(1002, 53, '4787', 0, 15.000),
	(1003, 53, '6152', 0, 10.000),
	(1004, 53, '6442', 0, 10.000),
	(1005, 54, '2420', 0, 50.000),
	(1006, 54, '2435', 0, 50.000),
	(1007, 54, '2914', 0, 15.000),
	(1008, 54, '3755', 0, 50.000),
	(1009, 54, '3781', 0, 50.000),
	(1010, 54, '4116', 0, 10.000),
	(1011, 54, '4787', 0, 15.000),
	(1012, 55, '1218', 0, 50.000),
	(1013, 55, '2254', 0, 50.000),
	(1014, 55, '2379', 0, 60.000),
	(1015, 55, '2420', 0, 50.000),
	(1016, 55, '2422', 0, 60.000),
	(1017, 55, '2435', 0, 60.000),
	(1018, 55, '2438', 0, 50.000),
	(1019, 55, '2912', 0, 50.000),
	(1020, 55, '2925', 0, 15.000),
	(1021, 55, '3755', 0, 50.000),
	(1022, 55, '3781', 0, 50.000),
	(1023, 55, '4116', 0, 15.000),
	(1024, 55, '4787', 0, 50.000),
	(1025, 55, '8010', 0, 50.000),
	(1026, 56, '1218', 0, 20.000),
	(1027, 56, '2190', 0, 15.000),
	(1028, 56, '2254', 0, 50.000),
	(1029, 56, '2379', 0, 50.000),
	(1030, 56, '2420', 0, 100.000),
	(1031, 56, '2422', 0, 20.000),
	(1032, 56, '2431', 0, 10.000),
	(1033, 56, '2435', 0, 150.000),
	(1034, 56, '2912', 0, 50.000),
	(1035, 56, '3755', 0, 100.000),
	(1036, 56, '3781', 2, 100.000),
	(1037, 56, '3817', 0, 20.000),
	(1038, 56, '4116', 0, 20.000),
	(1039, 56, '4787', 0, 80.000),
	(1040, 56, '5052', 2, 0.000),
	(1041, 56, '5446', 0, 10.000),
	(1042, 56, '6152', 0, 10.000),
	(1043, 56, '6442', 0, 15.000),
	(1044, 56, '6572', 0, 20.000),
	(1045, 56, '6598', 0, 20.000),
	(1046, 56, '7105', 0, 10.000),
	(1047, 56, '7700', 0, 20.000),
	(1048, 56, '8010', 0, 150.000),
	(1049, 57, '1218', 0, 20.000),
	(1050, 57, '1922', 0, 60.000),
	(1051, 57, '2379', 0, 60.000),
	(1052, 57, '2420', 0, 70.000),
	(1053, 57, '2422', 0, 30.000),
	(1054, 57, '2431', 0, 15.000),
	(1055, 57, '2435', 0, 60.000),
	(1056, 57, '2914', 0, 15.000),
	(1057, 57, '2925', 0, 10.000),
	(1058, 57, '3755', 0, 70.000),
	(1059, 57, '3781', 0, 70.000),
	(1060, 57, '3817', 0, 10.000),
	(1061, 57, '4116', 0, 15.000),
	(1062, 57, '4787', 0, 20.000),
	(1063, 57, '6152', 0, 10.000),
	(1064, 57, '6442', 0, 10.000),
	(1065, 58, '1218', 0, 10.000),
	(1066, 58, '1922', 0, 40.000),
	(1067, 58, '2250', 0, 15.000),
	(1068, 58, '2254', 0, 20.000),
	(1069, 58, '2264', 0, 10.000),
	(1070, 58, '2379', 0, 40.000),
	(1071, 58, '2420', 0, 30.000),
	(1072, 58, '2422', 0, 40.000),
	(1073, 58, '2431', 0, 10.000),
	(1074, 58, '2435', 0, 80.000),
	(1075, 58, '2440', 0, 15.000),
	(1076, 58, '2925', 0, 10.000),
	(1077, 58, '3755', 0, 40.000),
	(1078, 58, '3781', 0, 40.000),
	(1079, 58, '3817', 0, 15.000),
	(1080, 58, '4116', 0, 10.000),
	(1081, 58, '4787', 0, 15.000),
	(1082, 58, '4929', 0, 15.000),
	(1083, 58, '5446', 0, 20.000),
	(1084, 58, '6152', 0, 20.000),
	(1085, 58, '6442', 0, 15.000),
	(1086, 58, '6598', 0, 15.000),
	(1087, 58, '7718', 0, 20.000),
	(1088, 58, '8010', 0, 60.000),
	(1089, 58, '8085', 0, 50.000),
	(1090, 59, '1218', 0, 20.000),
	(1091, 59, '2190', 0, 10.000),
	(1092, 59, '2250', 0, 25.000),
	(1093, 59, '2254', 0, 50.000),
	(1094, 59, '2264', 0, 15.000),
	(1095, 59, '2379', 0, 30.000),
	(1096, 59, '2420', 0, 60.000),
	(1097, 59, '2422', 0, 20.000),
	(1098, 59, '2435', 0, 70.000),
	(1099, 59, '2438', 0, 20.000),
	(1100, 59, '2912', 0, 60.000),
	(1101, 59, '2914', 0, 15.000),
	(1102, 59, '3755', 0, 60.000),
	(1103, 59, '3781', 0, 60.000),
	(1104, 59, '3817', 0, 20.000),
	(1105, 59, '4116', 0, 30.000),
	(1106, 59, '4787', 0, 60.000),
	(1107, 59, '4929', 0, 10.000),
	(1108, 59, '5446', 0, 15.000),
	(1109, 59, '5915', 10, 0.000),
	(1110, 59, '6152', 1, 30.000),
	(1111, 59, '6442', 0, 10.000),
	(1112, 59, '6572', 0, 15.000),
	(1113, 59, '6598', 0, 35.000),
	(1114, 59, '7700', 0, 20.000),
	(1115, 59, '7718', 0, 20.000),
	(1116, 59, '8010', 0, 60.000);

-- Volcando datos para la tabla cdf_bd.productos: ~101 rows (aproximadamente)
REPLACE INTO `productos` (`codigo`, `nombre`, `kilos_block`, `peso_x_pieza`, `cantidad_piezas`, `vencimientos`, `kg_x_bolsita`, `kg_fraccionados`, `kg_decomiso`, `kg_recorte`) VALUES
	('1218', 'FIQU PAULINA MUZZARELLA  P/FETEAR X KG', 10.1770, 3.520, 13, '46181', 0.000, 0.000, 0.085, 0.180),
	('1541', 'FIAM CAGNOLI SALAMIN P/F x KG', 0.0550, 0.000, 0, NULL, 0.000, 0.000, 0.000, 0.000),
	('1611', 'FIAM LARIO BONDIOLA (122)', 1.3390, 1.370, 1, '46234', 0.000, 0.000, 0.000, 0.000),
	('1617', 'FIAM RAFAELA JAM COCIDO  NAT X KG', 12.8200, 5.220, 3, '46180', 0.000, 0.000, 0.000, 0.000),
	('1621', 'FRAC CAGNOLI MILAN X KG', 0.0000, 0.000, 0, '', 0.135, 0.000, 0.000, 0.000),
	('1753', 'FRAC CAGNOLI MORTADELA x KG', 0.0000, 0.000, 0, '', 0.150, 0.000, 0.000, 0.000),
	('1806', 'FIAM CAGNOLI SALAMIN P/G x KG', 0.1500, 0.000, 0, NULL, 0.000, 0.000, 0.000, 0.000),
	('1816', 'FIAM PALADINI PALETA COC X KG', 6.0050, 1.000, 6, '46218', 0.000, 0.000, 0.000, 0.000),
	('1866', 'FIQU SERENISIMA CHEDDAR X KG', 0.0800, 0.000, 0, NULL, 0.000, 0.000, 0.000, 0.000),
	('1922', 'FIQU CREMON CREMOSO SERENISIMA X KG', 95.9490, 3.185, 11, '46186', 0.000, 0.000, 0.000, 0.000),
	('2073', 'FIQU PAULINA GOUDA X KG', 5.1100, 5.110, 1, '46214', 0.000, 0.000, 0.000, 0.000),
	('2187', 'FIAM LARIO SALCHICHON PRIMAV', 0.1000, 0.000, 0, NULL, 0.000, 0.000, 0.000, 0.000),
	('2190', 'FIQU PAULINA PATEGRAS X KG', 1.1150, 5.425, 4, '46177', 0.000, 0.000, 0.000, 0.000),
	('2250', 'FIAM PALADINI MORTADELA A/V', 23.6700, 4.470, 2, '46203', 0.000, 0.000, 0.000, 0.000),
	('2252', 'FIAM PALADINI BONDIOLA', 0.1050, 0.000, 0, NULL, 0.000, 0.000, 0.000, 0.000),
	('2254', 'FIAM PALADINI JAM COCIDO', 45.7450, 6.135, 3, '46237', 0.000, 0.000, 0.000, 0.000),
	('2255', 'FIAM PALADINI JAMON CRUDO', 0.3350, 0.000, 0, NULL, 0.000, 0.000, 0.000, 0.000),
	('2264', 'FIAM PALADINI MILAN', 6.2100, 0.000, 0, NULL, 0.000, 0.000, 0.000, 0.000),
	('2266', 'FIAM PALADINI SALAMIN T/C', 0.7400, 0.115, 5, '46164', 0.000, 0.000, 0.000, 0.000),
	('2374', 'FIAM LARIO SALAME BAST GRUESO', 2.8950, 1.130, 2, '46227', 0.000, 0.000, 0.000, 0.000),
	('2379', 'FIQU PAULINA CREMOSO X KG', 115.5090, 4.595, 42, '46211', 0.000, 0.000, 0.000, 0.000),
	('2381', 'FIAM LARIO JAMON CRUDO', 3.2060, 1.100, 3, '46228', 0.000, 0.000, 0.000, 0.000),
	('2404', 'FRAC CAGNOLI PALETA CERDO X KG', 0.0000, 0.000, 0, '', 0.180, 0.000, 0.000, 0.000),
	('2406', 'FRAC CAGNOLI PANCETA AHUM X KG', 0.0000, 0.000, 0, '', 0.120, 0.000, 0.000, 0.000),
	('2420', 'FIQU TREGAR DANBO X KG.', 75.3000, 4.635, 9, '46293', 0.000, 0.000, 0.000, 0.000),
	('2422', 'FIQU TREGAR CREMOSO X KG', 170.3000, 4.180, 22, '46194', 0.000, 0.000, 0.000, 0.000),
	('2424', 'FIQU TREGAR CRIOLLO X KG', 30.4150, 4.535, 7, '46221', 0.000, 0.000, 0.000, 0.000),
	('2427', 'FIQU TREGAR FONTINA X KG', 17.7850, 8.900, 2, '46174', 0.000, 0.000, 0.000, 0.000),
	('2431', 'FIQU TREGAR PATEGRAS X KG', 17.3650, 0.000, 0, NULL, 0.000, 0.000, 0.000, 0.000),
	('2434', 'FIQU TREGAR HOLANDA X KG', 24.9600, 3.745, 6, '46186', 0.000, 0.000, 0.000, 0.000),
	('2435', 'FIQU PAULINA DAMBO X KG', 153.5420, 3.635, 58, '46264', 0.000, 0.000, 0.000, 0.000),
	('2438', 'FIQU TREGAR MUZZARELLA BARRA X KG', 7.5550, 0.000, 0, NULL, 0.000, 0.000, 0.000, 0.000),
	('2440', 'FIQU TREGAR PORT SALUT X KG', 59.3100, 3.830, 10, '46182', 0.000, 0.000, 0.000, 0.000),
	('2441', 'FIQU TREGAR PORT SALUT DIET X KG', 61.0900, 3.800, 15, '46175', 0.000, 0.000, 0.000, 0.000),
	('2443', 'FRAC PAULINA AZUL X KG', 0.0000, 0.000, 0, '', 0.200, 0.000, 0.000, 0.000),
	('2450', 'FRAC PAULINA CHEDDAR X KG', 0.0000, 0.000, 0, '', 0.140, 0.000, 0.000, 0.000),
	('2842', 'FRAC PAULINA CREMOSO X KG', 0.0000, 0.000, 0, '', 0.300, 0.000, 0.000, 0.000),
	('2910', 'FRAC PAULINA DAMBO X KG', 0.0000, 0.000, 0, '', 0.170, 0.000, 0.000, 0.000),
	('2912', 'FIAM RECREO FIAMB COC PATA CERDO(405)', 7.0100, 5.530, 3, '46269', 0.180, 16.395, 0.900, 0.300),
	('2914', 'FIAM RECREO MORTADELA BOLG VEJ', 35.6960, 5.200, 4, '46210', 0.000, 0.000, 0.000, 0.000),
	('2925', 'FIAM RECREO JAMON CRUDO', 24.3300, 2.510, 6, '46317', 0.000, 0.000, 0.000, 0.000),
	('3067', 'FRAC PAULINA MUZZARELLA  P/FETEAR X KG', 0.0000, 0.000, 0, '', 0.150, 3.016, 0.000, 0.000),
	('3483', 'FIAM LARIO LOMO COC. NAT xKG', 3.0450, 1.525, 2, '46231', 0.000, 0.000, 0.000, 0.000),
	('3740', 'FRAC CAGNOLI JAM COCIDO. XKG', 0.0000, 0.000, 0, NULL, 0.185, 3.550, 0.000, 0.000),
	('3755', 'FIAM CAGNOLI JAM COCIDO. X KG', 113.5580, 6.025, 32, '46247', 0.185, 0.000, 0.020, 0.350),
	('3756', 'FRAC PAULINA PAT. P/ SAND x KG', 0.0000, 0.000, 0, '', 0.170, 0.000, 0.000, 0.000),
	('3781', 'FIAM RECREO JAM COCIDO X KG', 53.2460, 5.365, 14, '46236', 0.000, 0.000, 0.000, 0.000),
	('3817', 'FIAM RECREO SALCHICHON PRIMAVERA', 2.2620, 2.820, 5, '46267', 0.000, 0.000, 0.000, 0.000),
	('4027', 'FRAC PAULINA PATEGRAS X KG', 0.0000, 0.000, 0, '', 0.200, 0.000, 0.000, 0.000),
	('4116', 'FIAM CAGNOLI MILAN X KG', 27.5070, 2.910, 12, '46210', 0.000, 0.000, 0.000, 0.000),
	('4186', 'FIAM PALADINI LOMO COC x KG', 0.1250, 0.000, 0, NULL, 0.000, 0.000, 0.000, 0.000),
	('4318', 'FIQU TREGAR AZUL HORMA x KG', 34.6850, 2.445, 14, '46223', 0.000, 0.000, 0.000, 0.000),
	('4787', 'FIAM CAGNOLI PALETA CERDO X KG', 66.8900, 5.835, 17, '46247', 0.000, 0.000, 0.000, 0.000),
	('4898', 'FIAM CAGNOLI SALAME BAST P/F  X KG', 2.3500, 0.660, 3, '46188', 0.000, 0.000, 0.000, 0.000),
	('4929', 'FIQU PAULINA PORT SALUT X KG', 16.8650, 4.030, 4, '46199', 0.000, 0.000, 0.000, 0.000),
	('4998', 'FIAM CAGNOLI SALAME BAST P/G X KG', 2.3400, 0.680, 3, '46187', 0.000, 0.000, 0.000, 0.000),
	('5048', 'FIAM LARIO MORTADELA BOLOGNA', 24.8270, 4.105, 6, '46178', 0.000, 0.000, 0.000, 0.000),
	('5052', 'PRODUCTO AUTOCREADO (5052)', 0.0000, 0.000, 0, NULL, 0.000, 0.000, 0.000, 0.000),
	('5072', 'FIAM LARIO MILAN FINO', 5.7950, 2.600, 2, '46234', 0.000, 0.000, 0.000, 0.000),
	('5075', 'FIAM LARIO SALAMIN TAND P/F', 6.7690, 0.130, 35, '46222', 0.000, 0.000, 0.000, 0.000),
	('5076', 'FIAM LARIO SALAMIN TAND P/G', 6.9250, 0.130, 34, '46220', 0.000, 0.000, 0.000, 0.000),
	('5409', 'PRODUCTO AUTOCREADO (5409)', 0.0000, 0.000, 0, NULL, 0.000, 0.000, 0.000, 0.000),
	('5446', 'FIAM CAGNOLI MORTADELA x KG', 8.6290, 4.900, 5, '46197', 0.000, 0.000, 0.000, 0.000),
	('5915', 'FIAM CAGNOLI CHORIZO ESPANIOL X KG', 0.1000, 0.000, 0, NULL, 0.000, 0.000, 0.000, 0.000),
	('6011', 'FIAM LARIO SALAME BAST FINO', 0.2000, 0.000, 0, NULL, 0.000, 0.000, 0.000, 0.000),
	('6055', 'FIAM 66 MILAN', 31.1350, 3.035, 11, '46226', 0.000, 0.000, 0.000, 0.000),
	('6152', 'FIAM RECREO MILAN X KG', 2.5650, 0.000, 0, NULL, 0.000, 0.000, 0.000, 0.000),
	('6253', 'FIAM PALADINI SALCH PRIMAV', 0.2250, 0.000, 0, NULL, 0.000, 0.000, 0.000, 0.000),
	('6442', 'FIQU PAULINA AZUL X KG', 9.6050, 0.000, 0, NULL, 0.000, 0.000, 0.000, 0.000),
	('6572', 'FIQU PAULINA CHEDDAR X KG', 28.2050, 3.515, 11, '46288', 0.000, 0.000, 0.000, 0.000),
	('6598', 'FIAM CAGNOLI PANCETA AHUM X KG', 0.0600, 1.030, 9, '46195', 0.000, 0.000, 0.000, 0.000),
	('663717', 'INSU BOLS VACIO CERVENY 15X25X70 FIAM 1X', 2500.0000, 0.000, 0, NULL, 0.000, 0.000, 0.000, 0.000),
	('665072', 'HUMM KYROS CLASICO 230X', 24.0000, 0.000, 18, NULL, 0.000, 0.000, 0.000, 0.000),
	('665073', 'HUMM KYROS ACEITE OLIVA 230X', 24.0000, 0.000, 18, NULL, 0.000, 0.000, 0.000, 0.000),
	('665075', 'HUMM KYROS C/AJO AHUMADO 230X', 24.0000, 0.000, 18, NULL, 0.000, 0.000, 0.000, 0.000),
	('666043', 'ADER KANSAS CAESAR 260X', 24.0000, 0.000, 18, NULL, 0.000, 0.000, 0.000, 0.000),
	('666047', 'PRODUCTO AUTOCREADO (666047)', 0.0000, 0.000, 0, NULL, 0.000, 0.000, 0.000, 0.000),
	('666083', 'YOGU DAHI DESLACT NAT 190X', 60.0000, 0.000, 10, NULL, 0.000, 0.000, 0.000, 0.000),
	('666086', 'YOGU DAHI FIRME NAT S/A 190X', 40.0000, 0.000, 10, NULL, 0.000, 0.000, 0.000, 0.000),
	('666087', 'YOGU DAHI FIRME ENT VAIN 190X', 40.0000, 0.000, 10, NULL, 0.000, 0.000, 0.000, 0.000),
	('666089', 'YOGU DAHI FIRME DESC.NAT 190X', 40.0000, 0.000, 10, NULL, 0.000, 0.000, 0.000, 0.000),
	('666090', 'YOGU DAHI BATIDO ENT C/FRUT 190X', 40.0000, 0.000, 10, NULL, 0.000, 0.000, 0.000, 0.000),
	('666091', 'YOGU DAHI BATIDO ENT FRU.BOSQUE 190X', 40.0000, 0.000, 5, NULL, 0.000, 0.000, 0.000, 0.000),
	('666092', 'YOGU DAHI BATIDO DESC C/FRUT 190X', 60.0000, 0.000, 10, NULL, 0.000, 0.000, 0.000, 0.000),
	('666093', 'YOGU DAHI BATIDO DESC C/F.BOSQ 190X', 60.0000, 0.000, 20, NULL, 0.000, 0.000, 0.000, 0.000),
	('666097', 'YOGU DAHI TENTACION ENT TIRAMISU 130X', 40.0000, 0.000, 10, NULL, 0.000, 0.000, 0.000, 0.000),
	('666098', 'YOGU DAHI TENTACION ENT CHOCO CAKE 130X', 40.0000, 0.000, 10, NULL, 0.000, 0.000, 0.000, 0.000),
	('666465', 'YOGU DAHI GRIEGO NATURAL 190X', 40.0000, 0.000, 5, NULL, 0.000, 0.000, 0.000, 0.000),
	('666899', 'YOGU DAHI TENTACION PISTACHO 130X', 40.0000, 0.000, 10, NULL, 0.000, 0.000, 0.000, 0.000),
	('667099', 'YOGU DAHI GRIEGO ARANDANO 190X', 40.0000, 0.000, 10, NULL, 0.000, 0.000, 0.000, 0.000),
	('7105', 'FIQU PAULINA SARDO X KG', 12.6730, 0.000, 0, NULL, 0.000, 0.000, 0.000, 0.000),
	('7165', 'FRAC PAULINA TYBO XKG', 0.0000, 0.000, 0, '', 0.175, 0.000, 0.000, 0.000),
	('7700', 'FIAM CAGNOLI JAM COCIDO C.LENTA 5.5X', 6.6950, 5.785, 1, '46240', 0.000, 0.000, 0.000, 0.000),
	('7718', 'FIAM PICADITAS X KG', 65.0150, 0.000, 0, NULL, 0.000, 0.000, 0.000, 0.000),
	('8010', 'FIQU PAULINA PAT. P/ SAND x KG', 110.0650, 3.540, 71, '46254', 0.000, 0.000, 0.000, 0.000),
	('8016', 'FIAM RECREO BONDIOLA X KG', 7.0500, 1.240, 6, '46274', 0.000, 0.000, 0.000, 0.000),
	('8085', 'FIAM PALADINI JAM COCIDO BAJO SODIO X KG.', 7.9450, 4.490, 1, '46224', 0.000, 0.000, 0.000, 0.000),
	('8654', 'PRODUCTO AUTOCREADO (8654)', 0.0000, 0.000, 0, NULL, 0.000, 0.000, 0.000, 0.000),
	('8663', 'INSU PAULINA TYBO X KG', 15.3600, 3.990, 4, '46256', 0.000, 0.000, 0.000, 0.000),
	('8974', 'FIAM CAGNOLI BONDIOLA', 4.1250, 0.875, 5, '46169', 0.000, 0.000, 0.000, 0.000),
	('9778', 'FIQU RICREM DANBO X KG', 1.3450, 0.000, 0, NULL, 0.000, 0.000, 0.000, 0.000);

/*!40103 SET TIME_ZONE=IFNULL(@OLD_TIME_ZONE, 'system') */;
/*!40101 SET SQL_MODE=IFNULL(@OLD_SQL_MODE, '') */;
/*!40014 SET FOREIGN_KEY_CHECKS=IFNULL(@OLD_FOREIGN_KEY_CHECKS, 1) */;
/*!40101 SET CHARACTER_SET_CLIENT=@OLD_CHARACTER_SET_CLIENT */;
/*!40111 SET SQL_NOTES=IFNULL(@OLD_SQL_NOTES, 1) */;
